-- MySQL dump 10.13  Distrib 8.0.36, for Win64 (x86_64)
--
-- Host: 127.0.0.1    Database: db_test
-- ------------------------------------------------------
-- Server version	8.0.30

/*!40101 SET @OLD_CHARACTER_SET_CLIENT=@@CHARACTER_SET_CLIENT */;
/*!40101 SET @OLD_CHARACTER_SET_RESULTS=@@CHARACTER_SET_RESULTS */;
/*!40101 SET @OLD_COLLATION_CONNECTION=@@COLLATION_CONNECTION */;
/*!50503 SET NAMES utf8 */;
/*!40103 SET @OLD_TIME_ZONE=@@TIME_ZONE */;
/*!40103 SET TIME_ZONE='+00:00' */;
/*!40014 SET @OLD_UNIQUE_CHECKS=@@UNIQUE_CHECKS, UNIQUE_CHECKS=0 */;
/*!40014 SET @OLD_FOREIGN_KEY_CHECKS=@@FOREIGN_KEY_CHECKS, FOREIGN_KEY_CHECKS=0 */;
/*!40101 SET @OLD_SQL_MODE=@@SQL_MODE, SQL_MODE='NO_AUTO_VALUE_ON_ZERO' */;
/*!40111 SET @OLD_SQL_NOTES=@@SQL_NOTES, SQL_NOTES=0 */;

--
-- Table structure for table `rel_chapter_question`
--

DROP TABLE IF EXISTS `rel_chapter_question`;
/*!40101 SET @saved_cs_client     = @@character_set_client */;
/*!50503 SET character_set_client = utf8mb4 */;
CREATE TABLE `rel_chapter_question` (
  `question_id` int NOT NULL,
  `chapter_id` int NOT NULL,
  PRIMARY KEY (`question_id`,`chapter_id`),
  KEY `FKt8o8xdkdrvye53gaclwectw1c` (`chapter_id`),
  CONSTRAINT `FK5bdlu4vn5uoshkxvrnhtd1eva` FOREIGN KEY (`question_id`) REFERENCES `t_question` (`question_id`),
  CONSTRAINT `FKt8o8xdkdrvye53gaclwectw1c` FOREIGN KEY (`chapter_id`) REFERENCES `t_chapter` (`chaper_id`)
) ENGINE=InnoDB DEFAULT CHARSET=utf8mb4 COLLATE=utf8mb4_0900_ai_ci;
/*!40101 SET character_set_client = @saved_cs_client */;

--
-- Dumping data for table `rel_chapter_question`
--

LOCK TABLES `rel_chapter_question` WRITE;
/*!40000 ALTER TABLE `rel_chapter_question` DISABLE KEYS */;
INSERT INTO `rel_chapter_question` VALUES (1,1),(2,1),(15,1),(392,1),(398,1),(406,1),(1,2),(2,2),(3,2),(7,2),(14,2),(15,2),(17,2),(27,2),(29,2),(31,2),(45,2),(47,2),(50,2),(62,2),(392,2),(393,2),(394,2),(397,2),(399,2),(404,2),(428,2),(1,3),(4,3),(16,3),(59,3),(64,3),(392,3),(393,3),(394,3),(395,3),(396,3),(397,3),(398,3),(399,3),(400,3),(401,3),(403,3),(404,3),(428,3),(3,4),(5,4),(6,4),(17,4),(18,4),(30,4),(32,4),(61,4),(396,4),(401,4),(402,4),(3,5),(4,5),(5,5),(19,5),(33,5),(43,5),(49,5),(57,5),(58,5),(393,5),(396,5),(399,5),(400,5),(402,5),(408,5),(7,6),(8,6),(14,6),(20,6),(28,6),(34,6),(35,6),(44,6),(48,6),(60,6),(403,6),(8,7),(9,7),(21,7),(36,7),(41,7),(56,7),(63,7),(397,7),(399,7),(13,8),(23,8),(37,8),(55,8),(392,8),(401,8),(10,9),(24,9),(39,9),(42,9),(52,9),(394,9),(11,10),(25,10),(40,10),(46,10),(53,10),(393,10),(9,11),(10,11),(26,11),(36,11),(51,11),(54,11),(12,12),(22,12),(38,12),(65,12),(398,12),(66,13),(67,13),(76,13),(66,14),(68,14),(69,14),(70,14),(76,14),(68,15),(69,15),(70,15),(71,15),(72,15),(74,15),(78,15),(79,15),(83,15),(85,15),(68,16),(73,16),(74,16),(75,16),(78,16),(81,16),(77,17),(80,17),(70,18),(74,18),(81,18),(82,18),(85,18),(86,19),(87,19),(88,19),(89,19),(90,19),(91,19),(92,19),(93,19),(94,19),(95,24),(96,24),(115,24),(96,25),(97,25),(98,25),(102,25),(103,25),(104,25),(106,25),(107,25),(111,25),(114,25),(115,25),(116,25),(117,25),(122,25),(97,26),(99,26),(101,26),(102,26),(104,26),(106,26),(109,26),(115,26),(121,26),(122,26),(123,26),(112,27),(113,27),(118,27),(119,27),(120,27),(97,28),(98,28),(99,28),(101,28),(103,28),(105,28),(107,28),(108,28),(114,28),(116,28),(117,28),(120,28),(123,28),(98,29),(99,29),(101,29),(103,29),(104,29),(105,29),(108,29),(110,29),(114,29),(116,29),(121,29),(98,30),(99,30),(100,30),(101,30),(103,30),(104,30),(105,30),(107,30),(108,30),(110,30),(115,30),(116,30),(118,30),(120,30),(121,30),(100,31),(104,31),(117,31),(119,31),(122,31),(100,32),(104,32),(105,32),(106,32),(108,32),(114,32),(118,32),(119,32),(122,32),(101,33),(103,33),(104,33),(108,33),(110,33),(113,33),(114,33),(118,33),(123,33),(101,34),(110,34),(113,34),(121,34),(123,34),(107,35),(108,35),(113,35),(114,35),(119,35),(120,35),(123,35),(113,36),(121,36),(124,37),(131,37),(144,37),(150,37),(163,37),(125,38),(130,38),(151,38),(155,38),(155,39),(126,40),(127,40),(130,40),(134,40),(139,40),(127,41),(134,41),(150,41),(151,41),(155,41),(127,42),(130,42),(131,42),(134,42),(139,42),(150,42),(163,42),(128,43),(147,43),(148,43),(154,43),(152,44),(145,45),(148,45),(152,45),(154,45),(160,45),(145,46),(147,46),(148,46),(160,46),(161,46),(129,47),(136,47),(148,47),(152,47),(158,47),(160,47),(136,48),(158,48),(160,48),(135,49),(131,51),(132,51),(146,51),(153,51),(132,52),(143,52),(153,52),(156,52),(137,53),(141,53),(143,53),(149,53),(157,53),(159,53),(137,54),(149,54),(157,54),(159,54),(137,55),(142,55),(149,55),(159,55),(133,56),(138,56),(142,56),(153,56),(157,56),(162,56),(133,57),(138,57),(157,57),(159,57),(162,57),(138,58),(141,58),(142,58),(164,60),(166,60),(167,60),(169,60),(170,60),(184,60),(164,61),(165,61),(166,61),(167,61),(168,61),(169,61),(170,61),(171,61),(172,61),(176,61),(178,61),(180,61),(184,61),(185,61),(186,61),(189,61),(190,61),(165,72),(166,72),(168,72),(169,72),(170,72),(171,72),(172,72),(174,72),(178,72),(182,72),(183,72),(184,72),(186,72),(188,72),(189,72),(164,73),(167,73),(169,73),(171,73),(172,73),(174,73),(177,73),(178,73),(180,73),(181,73),(185,73),(188,73),(189,73),(165,74),(168,74),(173,74),(174,74),(175,74),(177,74),(178,74),(182,74),(183,74),(185,74),(186,74),(190,74),(164,75),(165,75),(167,75),(168,75),(173,75),(175,75),(176,75),(177,75),(179,75),(180,75),(181,75),(182,75),(183,75),(190,75),(173,76),(176,76),(179,76),(181,76),(186,76),(188,76),(167,77),(173,77),(175,77),(180,77),(187,77),(182,78),(185,78),(176,79),(177,79),(177,80),(179,80),(179,81),(191,82),(192,82),(192,83),(194,83),(200,83),(204,83),(192,84),(193,84),(194,84),(195,84),(196,84),(198,84),(199,84),(203,84),(206,84),(193,85),(195,85),(196,85),(197,85),(198,85),(201,85),(202,85),(203,85),(204,85),(205,85),(207,85),(197,86),(198,86),(199,86),(200,86),(201,86),(202,86),(205,86),(206,86),(207,86),(208,87),(209,87),(210,87),(212,87),(219,87),(226,87),(227,87),(228,87),(210,88),(213,88),(211,89),(212,89),(224,89),(222,90),(223,90),(211,91),(212,91),(214,91),(216,91),(218,91),(220,91),(222,91),(224,91),(225,91),(213,92),(214,92),(216,92),(218,92),(222,92),(225,92),(228,92),(409,93),(412,93),(410,94),(410,95),(415,95),(248,99),(250,99),(252,99),(248,100),(249,100),(251,100),(252,100),(254,100),(258,100),(252,101),(254,101),(256,101),(250,102),(253,102),(255,102),(258,102),(255,103),(261,103),(265,103),(253,104),(258,104),(267,106),(271,106),(280,106),(268,107),(269,107),(277,108),(283,108),(281,109),(272,110),(274,110),(276,110),(278,110),(271,111),(273,111),(275,111),(282,111),(273,112),(275,112),(282,112),(285,113),(286,113),(288,113),(302,113),(286,114),(302,114),(287,115),(289,115),(290,115),(291,115),(292,115),(301,115),(287,116),(288,116),(290,116),(291,116),(292,116),(293,116),(294,116),(295,116),(300,116),(301,116),(294,117),(295,117),(296,117),(298,117),(294,118),(295,118),(299,118),(301,118),(297,119),(298,119),(299,119),(296,120),(296,121),(303,122),(304,122),(305,122),(418,122),(304,123),(305,123),(306,123),(316,123),(306,124),(307,124),(310,124),(317,124),(318,124),(307,125),(308,125),(309,125),(310,125),(311,125),(312,125),(313,125),(314,125),(317,125),(421,125),(426,125),(307,126),(310,126),(311,126),(312,126),(317,126),(318,126),(309,127),(314,127),(318,127),(319,128),(325,129),(329,129),(331,129),(332,129),(320,130),(323,130),(325,130),(326,130),(329,130),(330,130),(320,131),(323,131),(324,131),(327,131),(331,131),(324,132),(327,132),(330,132),(332,132),(326,133),(328,134),(333,134),(353,137),(357,137),(362,137),(349,138),(352,138),(353,138),(354,138),(351,139),(348,140),(350,140),(355,140),(359,140),(360,140),(356,141),(356,142),(358,142),(361,142),(363,143),(364,143),(365,143),(368,143),(371,143),(376,143),(366,144),(374,144),(372,145),(370,146),(377,146),(367,147),(371,147),(372,147),(373,147),(368,148),(369,148),(370,148),(374,148),(375,148),(376,148),(370,149),(376,149),(377,149),(369,150),(374,150),(365,151),(369,151),(377,151),(378,152),(379,153),(380,153),(383,153),(384,153),(385,153),(389,153),(379,154),(380,154),(381,154),(383,154),(385,154),(386,154),(388,154),(389,154),(391,154),(380,155),(381,155),(382,155),(384,155),(385,155),(386,155),(391,155),(381,156),(388,156),(387,157);
/*!40000 ALTER TABLE `rel_chapter_question` ENABLE KEYS */;
UNLOCK TABLES;

--
-- Table structure for table `rel_examination_question`
--

DROP TABLE IF EXISTS `rel_examination_question`;
/*!40101 SET @saved_cs_client     = @@character_set_client */;
/*!50503 SET character_set_client = utf8mb4 */;
CREATE TABLE `rel_examination_question` (
  `examination_id` int NOT NULL,
  `question_id` int NOT NULL,
  PRIMARY KEY (`examination_id`,`question_id`),
  KEY `FKj9pdmdjlb3tjhmvxsdwyfpabw` (`question_id`),
  CONSTRAINT `FK9wcoawo8y6kdw7havay3q31l7` FOREIGN KEY (`examination_id`) REFERENCES `t_examination` (`examination_id`),
  CONSTRAINT `FKj9pdmdjlb3tjhmvxsdwyfpabw` FOREIGN KEY (`question_id`) REFERENCES `t_question` (`question_id`)
) ENGINE=InnoDB DEFAULT CHARSET=utf8mb4 COLLATE=utf8mb4_0900_ai_ci;
/*!40101 SET character_set_client = @saved_cs_client */;

--
-- Dumping data for table `rel_examination_question`
--

LOCK TABLES `rel_examination_question` WRITE;
/*!40000 ALTER TABLE `rel_examination_question` DISABLE KEYS */;
INSERT INTO `rel_examination_question` VALUES (16,2),(13,3),(18,3),(20,3),(34,3),(14,4),(18,4),(34,4),(16,5),(20,5),(16,6),(34,6),(13,7),(14,8),(18,8),(34,9),(25,10),(44,10),(13,11),(25,11),(34,11),(16,12),(16,13),(34,13),(13,14),(20,14),(16,15),(16,16),(20,16),(22,16),(14,17),(22,17),(14,18),(18,18),(34,18),(44,18),(34,19),(18,20),(34,20),(14,21),(44,21),(18,22),(20,23),(25,23),(44,23),(18,24),(34,24),(13,25),(18,25),(20,25),(34,25),(16,26),(14,28),(20,28),(44,28),(14,29),(25,29),(16,30),(16,31),(25,31),(14,32),(16,32),(25,32),(13,33),(22,33),(13,34),(20,34),(44,35),(25,36),(14,37),(22,37),(44,37),(13,38),(16,38),(13,40),(44,40),(13,41),(44,41),(14,42),(34,42),(18,43),(22,43),(44,43),(13,44),(34,44),(14,45),(16,45),(22,45),(25,45),(13,46),(22,46),(13,47),(18,47),(25,47),(18,48),(22,48),(18,49),(22,49),(16,50),(13,51),(18,51),(14,52),(14,53),(18,53),(25,53),(44,53),(22,54),(16,55),(16,56),(22,56),(20,57),(25,57),(13,58),(14,58),(18,58),(14,59),(18,59),(22,59),(16,60),(20,60),(44,60),(13,61),(34,61),(14,62),(20,62),(25,62),(14,63),(22,63),(16,64),(25,64),(34,64),(43,64),(14,65),(22,65),(44,65),(15,66),(15,67),(15,69),(15,70),(15,71),(15,72),(15,76),(15,77),(15,78),(15,80),(15,84),(15,85),(15,86),(15,90),(15,91),(15,94),(17,124),(17,125),(17,126),(17,127),(24,128),(17,129),(24,130),(17,131),(24,131),(24,132),(24,133),(17,135),(17,136),(17,138),(17,139),(24,140),(24,141),(24,142),(17,143),(40,144),(24,145),(40,145),(17,146),(40,146),(24,147),(40,147),(17,148),(40,148),(17,149),(24,149),(40,149),(24,151),(17,152),(24,152),(40,153),(17,154),(40,154),(40,155),(24,156),(40,156),(17,157),(40,157),(17,158),(24,158),(40,158),(40,159),(40,160),(40,161),(24,163),(19,165),(19,167),(19,168),(19,171),(19,172),(41,172),(19,173),(19,174),(41,174),(19,175),(19,177),(41,177),(41,178),(19,179),(19,180),(41,180),(19,181),(41,181),(41,182),(19,183),(19,184),(41,184),(19,185),(41,187),(19,188),(41,188),(19,190),(45,208),(42,210),(45,210),(45,211),(45,212),(45,213),(45,214),(45,215),(45,216),(45,217),(45,218),(42,219),(45,219),(42,220),(42,221),(42,222),(45,223),(42,224),(42,225),(45,225),(45,226),(42,227),(45,228),(42,229),(45,229),(42,230),(45,230),(23,231),(23,235),(23,236),(23,237),(23,238),(23,239),(23,241),(23,242),(23,243),(23,244),(23,247),(21,304),(21,305),(21,306),(21,308),(21,309),(21,310),(21,311),(21,313),(21,314),(21,315),(25,392),(43,392),(34,394),(43,394),(22,395),(43,395),(20,396),(25,399),(43,399),(44,399),(20,400),(44,401),(20,402),(43,402),(25,403),(43,403),(43,404),(20,405),(43,405),(44,406),(22,407),(39,407),(20,408),(39,408),(23,409),(23,410),(23,413),(23,414),(23,415),(21,418),(21,419),(21,420),(21,421),(21,423),(21,424),(22,428),(43,428);
/*!40000 ALTER TABLE `rel_examination_question` ENABLE KEYS */;
UNLOCK TABLES;

--
-- Table structure for table `rel_role_permission`
--

DROP TABLE IF EXISTS `rel_role_permission`;
/*!40101 SET @saved_cs_client     = @@character_set_client */;
/*!50503 SET character_set_client = utf8mb4 */;
CREATE TABLE `rel_role_permission` (
  `role_id` int NOT NULL,
  `permission_id` int NOT NULL,
  PRIMARY KEY (`role_id`,`permission_id`),
  KEY `FKiar4vb7cbot3gjusghtd7ybgh` (`permission_id`),
  CONSTRAINT `FK38j20f84yunwq7girosvetnwu` FOREIGN KEY (`role_id`) REFERENCES `t_role` (`role_id`),
  CONSTRAINT `FKiar4vb7cbot3gjusghtd7ybgh` FOREIGN KEY (`permission_id`) REFERENCES `t_permission` (`permission_id`)
) ENGINE=InnoDB DEFAULT CHARSET=utf8mb4 COLLATE=utf8mb4_0900_ai_ci;
/*!40101 SET character_set_client = @saved_cs_client */;

--
-- Dumping data for table `rel_role_permission`
--

LOCK TABLES `rel_role_permission` WRITE;
/*!40000 ALTER TABLE `rel_role_permission` DISABLE KEYS */;
INSERT INTO `rel_role_permission` VALUES (1,1),(2,1),(3,1),(1,2),(2,2),(1,3),(2,3),(1,4),(2,4),(1,5),(2,5),(1,6),(2,6),(3,6),(1,7),(2,7),(3,7),(1,8),(2,8),(3,8),(1,9),(2,9),(3,9),(1,10),(2,10),(3,10),(1,11),(2,11),(3,11),(1,12),(4,12),(1,13),(4,13),(1,14),(4,14),(1,15),(4,15),(1,16),(4,16),(1,17),(4,17),(1,18),(4,18),(1,19),(4,19),(1,20),(4,20),(1,21),(4,21),(1,22),(4,22),(1,23),(4,23),(1,24),(4,24),(1,25),(2,25),(1,26),(2,26),(1,27),(2,27),(1,28),(2,28),(1,29),(2,29),(3,29),(1,30),(2,30),(3,30),(1,31),(3,31),(1,32),(3,32),(1,33),(4,33),(1,34),(4,34),(1,35),(4,35),(1,36),(4,36),(1,37),(2,37),(4,37);
/*!40000 ALTER TABLE `rel_role_permission` ENABLE KEYS */;
UNLOCK TABLES;

--
-- Table structure for table `rel_student_practice_exam`
--

DROP TABLE IF EXISTS `rel_student_practice_exam`;
/*!40101 SET @saved_cs_client     = @@character_set_client */;
/*!50503 SET character_set_client = utf8mb4 */;
CREATE TABLE `rel_student_practice_exam` (
  `rel_student_practice_exam_id` int NOT NULL AUTO_INCREMENT,
  `end_time` datetime(6) DEFAULT NULL,
  `start_time` datetime(6) DEFAULT NULL,
  `practice_exam_id` int DEFAULT NULL,
  `user_id` int DEFAULT NULL,
  PRIMARY KEY (`rel_student_practice_exam_id`),
  KEY `FKmptotmfrdk0dhcgtrv4f8cejl` (`practice_exam_id`),
  KEY `FKm46tjhw0ih9tqo505px2jtyve` (`user_id`),
  CONSTRAINT `FKm46tjhw0ih9tqo505px2jtyve` FOREIGN KEY (`user_id`) REFERENCES `t_student_detail` (`user_id`),
  CONSTRAINT `FKmptotmfrdk0dhcgtrv4f8cejl` FOREIGN KEY (`practice_exam_id`) REFERENCES `t_practice_exam` (`practice_exam_id`)
) ENGINE=InnoDB DEFAULT CHARSET=utf8mb4 COLLATE=utf8mb4_0900_ai_ci;
/*!40101 SET character_set_client = @saved_cs_client */;

--
-- Dumping data for table `rel_student_practice_exam`
--

LOCK TABLES `rel_student_practice_exam` WRITE;
/*!40000 ALTER TABLE `rel_student_practice_exam` DISABLE KEYS */;
/*!40000 ALTER TABLE `rel_student_practice_exam` ENABLE KEYS */;
UNLOCK TABLES;

--
-- Table structure for table `t_answer`
--

DROP TABLE IF EXISTS `t_answer`;
/*!40101 SET @saved_cs_client     = @@character_set_client */;
/*!50503 SET character_set_client = utf8mb4 */;
CREATE TABLE `t_answer` (
  `answer_id` int NOT NULL AUTO_INCREMENT,
  `content` text NOT NULL,
  `is_correct` tinyint NOT NULL,
  `question_id` int DEFAULT NULL,
  PRIMARY KEY (`answer_id`),
  KEY `FK2yeu0mh3hebrr3w78q9cy27rw` (`question_id`),
  CONSTRAINT `FK2yeu0mh3hebrr3w78q9cy27rw` FOREIGN KEY (`question_id`) REFERENCES `t_question` (`question_id`)
) ENGINE=InnoDB AUTO_INCREMENT=1759 DEFAULT CHARSET=utf8mb4 COLLATE=utf8mb4_0900_ai_ci;
/*!40101 SET character_set_client = @saved_cs_client */;

--
-- Dumping data for table `t_answer`
--

LOCK TABLES `t_answer` WRITE;
/*!40000 ALTER TABLE `t_answer` DISABLE KEYS */;
INSERT INTO `t_answer` VALUES (1,'Compiler',0,1),(2,'None of the above',1,1),(3,'Computer',0,1),(4,'Central',0,1),(5,'char',1,2),(6,'double',1,2),(7,'int',1,2),(8,'float',1,2),(9,'string',0,2),(10,'^ is used for NOT',0,3),(11,'| is used for OR',1,3),(12,'~ is used for XOR',0,3),(13,'& is used for AND',1,3),(14,'10',0,4),(15,'30',0,4),(16,'40',0,4),(17,'20',1,4),(18,'World',0,5),(19,'Hello World',1,5),(20,'Hello',0,5),(21,'Error',0,5),(22,'for',1,6),(23,'if',1,6),(24,'function',0,6),(25,'while',1,6),(26,'0',0,7),(27,'True',1,7),(28,'Undefined',0,7),(29,'False',0,7),(30,'To store integers',0,8),(31,'To store memory addresses',1,8),(32,'To define structures',0,8),(33,'To declare functions',0,8),(34,'calloc()',1,9),(35,'malloc()',1,9),(36,'free()',0,9),(37,'sizeof()',0,9),(38,'Data not found',0,10),(39,'Access denied',0,10),(40,'Error opening file',0,10),(41,'Data saved',1,10),(42,'#define',0,11),(43,'#include',1,11),(44,'#endif',0,11),(45,'#ifdef',0,11),(46,'errno',1,12),(47,'exit()',1,12),(48,'assert()',1,12),(49,'try/catch',0,12),(50,'They are used to create functions',0,13),(51,'They can contain different data types',1,13),(52,'They can only contain integers',0,13),(53,'They must have at least one member',1,13),(54,'5',1,14),(55,'10',0,14),(56,'20',0,14),(57,'15',0,14),(58,'Compilation error',0,14),(59,'4 bytes',1,15),(60,'2 bytes',0,15),(61,'1 byte',0,15),(62,'8 bytes',0,15),(63,'??',0,16),(64,'++',1,16),(65,'--',1,16),(66,'==',1,16),(67,'&&',1,16),(68,'10',0,17),(69,'20',0,17),(70,'30',1,17),(71,'40',0,17),(72,'goto',1,18),(73,'loop',0,18),(74,'switch',1,18),(75,'if-else',1,18),(76,'Declaration of a function',1,19),(77,'A full function definition',0,19),(78,'A type of variable',0,19),(79,'A comment in code',0,19),(80,'for loop',1,20),(81,'do-while loop',1,20),(82,'foreach loop',0,20),(83,'while loop',1,20),(84,'Pointers can be incremented',1,21),(85,'Pointers must be of the same type',0,21),(86,'Null pointers can cause segmentation faults',1,21),(87,'Pointers can point to any data type',1,21),(88,'fprintf()',0,22),(89,'abort()',1,22),(90,'fopen()',0,22),(91,'perror()',1,22),(92,'struct Person { age int; name char[50]; };',0,23),(93,'struct Person { char name; };',0,23),(94,'struct Person { int age; char name[50]; };',1,23),(95,'struct Person { int age; };',1,23),(96,'fclose()',1,24),(97,'fscanf()',0,24),(98,'fopen()',1,24),(99,'fwrite()',1,24),(100,'fread()',1,24),(101,'To include libraries',0,25),(102,'To declare functions',0,25),(103,'To define constants',1,25),(104,'To comment code',0,25),(105,'free() releases memory',1,26),(106,'sizeof() allocates memory',0,26),(107,'malloc() returns a pointer',1,26),(108,'calloc() initializes memory',1,26),(109,'var_name',0,27),(110,'var1',0,27),(111,'_var',0,27),(112,'1var',1,27),(113,'Arrays are always initialized to zero',0,28),(114,'Arrays can be multi-dimensional',1,28),(115,'Arrays can change size dynamically',0,28),(116,'Arrays can only hold one type of data',1,28),(117,'int x;',1,29),(118,'var x int;',0,29),(119,'x int;',0,29),(120,'int x = 5;',1,29),(121,'repeat-until',0,30),(122,'for',1,30),(123,'do-while',1,30),(124,'while',1,30),(125,'15',0,31),(126,'100',0,31),(127,'50',1,31),(128,'5',0,31),(129,'while',0,32),(130,'if',1,32),(131,'for',0,32),(132,'switch',1,32),(133,'To define a function',0,33),(134,'To create a loop',0,33),(135,'To exit the program',0,33),(136,'To return a value to the caller',1,33),(137,'int arr[10];',1,34),(138,'array int[10];',0,34),(139,'arr int[10];',0,34),(140,'array[10] int;',0,34),(141,'str_eq()',0,35),(142,'string_compare()',0,35),(143,'strcomp()',0,35),(144,'strcmp()',1,35),(145,'To allocate memory dynamically',1,36),(146,'To free memory',0,36),(147,'To allocate stack memory',0,36),(148,'To resize an array',0,36),(149,'Structures cannot have functions',0,37),(150,'Structures can contain different data types',1,37),(151,'Structures can only contain integers',0,37),(152,'Structures are similar to arrays',0,37),(153,'Using uninitialized variables',1,38),(154,'Dereferencing a null pointer',1,38),(155,'Returning from a function',0,38),(156,'Declaring variables',0,38),(157,'r',1,39),(158,'w',1,39),(159,'rw',0,39),(160,'a',1,39),(161,'To compile the code',0,40),(162,'To execute the code',0,40),(163,'To process directives before compilation',1,40),(164,'To link libraries',0,40),(165,'They store the address of a variable',1,41),(166,'They are used to create new variables',0,41),(167,'They can only point to integers',0,41),(168,'They cannot be NULL',0,41),(169,'fprintf()',0,42),(170,'fscanf()',1,42),(171,'fclose()',0,42),(172,'fwrite()',0,42),(173,'char',0,43),(174,'int',1,43),(175,'float',0,43),(176,'void',0,43),(177,'Hello, World!',0,44),(178,'\"Hello, World!\"',1,44),(179,'[Hello, World!]',0,44),(180,'\'Hello, World!\'',0,44),(181,'const int x;',1,45),(182,'int x const;',0,45),(183,'constant int x;',0,45),(184,'int const x;',1,45),(185,'#include (stdio.h)',0,46),(186,'#include <stdio.h>',1,46),(187,'#include [stdio.h]',0,46),(188,'#include \'stdio.h\'',0,46),(189,'B',1,47),(190,'C',0,47),(191,'A',0,47),(192,'1',0,47),(193,'Arrays must have a fixed size',1,48),(194,'Arrays can be multidimensional',1,48),(195,'Arrays can only store integers',0,48),(196,'Arrays can be of different sizes',0,48),(197,'A function can return multiple values',1,49),(198,'Functions can be recursive',0,49),(199,'Functions must have a return type',0,49),(200,'Functions can take multiple parameters',0,49),(201,'3',1,50),(202,'3.33',0,50),(203,'3.0',0,50),(204,'10/3',0,50),(205,'calloc()',0,51),(206,'realloc()',0,51),(207,'malloc()',0,51),(208,'free()',1,51),(209,'fscanf() reads from a file',1,52),(210,'fclose() closes a file',1,52),(211,'fwrite() reads from a file',0,52),(212,'fopen() opens a file',1,52),(213,'printf',0,53),(214,'#include',1,53),(215,'return 0;',0,53),(216,'int main()',0,53),(217,'Not freeing dynamically allocated memory',1,54),(218,'Using automatic variables',0,54),(219,'Allocating stack memory',0,54),(220,'Freeing memory correctly',0,54),(221,'To include header files',0,55),(222,'To define new data types',1,55),(223,'To declare constants',0,55),(224,'To create functions',0,55),(225,'int ptr;',0,56),(226,'ptr int;',0,56),(227,'*ptr int;',0,56),(228,'int *ptr;',1,56),(229,'myFunction void();',0,57),(230,'myFunction();',0,57),(231,'void: myFunction();',0,57),(232,'void myFunction();',1,57),(233,'A function is private',0,58),(234,'A variable is defined in another file',1,58),(235,'A function is defined externally',1,58),(236,'A variable is local',0,58),(237,'11',0,59),(238,'21',0,59),(239,'6',0,59),(240,'11',1,59),(241,'arr int[3] = {1, 2, 3};',0,60),(242,'int[3] arr = {1, 2, 3};',0,60),(243,'int arr[3] = {1, 2, 3};',1,60),(244,'int arr = {1, 2, 3};',0,60),(245,'All loops must have a break statement',0,61),(246,'A for loop can be used to iterate over arrays',1,61),(247,'A while loop is guaranteed to run at least once',0,61),(248,'do-while loops cannot be nested',0,61),(249,'To return the size of a variable or data type',1,62),(250,'To count the number of elements in an array',0,62),(251,'To allocate memory',0,62),(252,'To declare the size of an array',0,62),(253,'A pointer can be incremented',1,63),(254,'Pointers can point to any data type',0,63),(255,'Pointers can point to functions',0,63),(256,'Pointers must be initialized before use',0,63),(257,'11',0,64),(258,'10',0,64),(259,'13',0,64),(260,'12',1,64),(261,'C does not have built-in exception handling',1,65),(262,'C has a built-in error handling library',0,65),(263,'C uses try/catch for error handling',0,65),(264,'C uses the assert() function for error handling',0,65),(265,'<php>',0,66),(266,'<? ?>',0,66),(267,'< php ?>',0,66),(268,'<?php ?>',1,66),(269,'<? php>',0,66),(270,'<?xml?>',0,66),(271,'echo',1,67),(272,'system.print',0,67),(273,'printf',0,67),(274,'display',0,67),(275,'print_line',0,67),(276,'set_const()',0,68),(277,'define()',1,68),(278,'const()',0,68),(279,'var',0,68),(280,'int $number = 5;',0,69),(281,'var $number = 5;',0,69),(282,'$number = 5;',1,69),(283,'number = 5;',0,69),(284,'$_SESSION',0,70),(285,'$_GET',0,70),(286,'$_POST',1,70),(287,'$_REQUEST',0,70),(288,'/',0,71),(289,'?',0,71),(290,'&',0,71),(291,',',0,71),(292,'+',0,71),(293,'.',1,71),(294,'2 apples',0,72),(295,'25',0,72),(296,'7 apples',0,72),(297,'7',1,72),(298,'Error',0,72),(299,'-function()',0,73),(300,'1function()',0,73),(301,'function_name()',1,73),(302,'@function()',0,73),(303,'!function()',0,73),(304,'Checks if a variable is a number.',0,74),(305,'Checks if a variable is a string.',0,74),(306,'Checks if a variable is set and not null.',1,74),(307,'Checks if a variable is an array.',0,74),(308,'require()',1,75),(309,'attach()',0,75),(310,'add()',0,75),(311,'import()',0,75),(312,'integer',1,76),(313,'list',0,76),(314,'string',1,76),(315,'float',1,76),(316,'$array[0]',1,77),(317,'$array[\"key\"]',1,77),(318,'$array.key',0,77),(319,'$array->0',0,77),(320,'debug()',0,78),(321,'var_dump()',1,78),(322,'print_r()',1,78),(323,'console.log()',0,78),(324,'loop',0,79),(325,'foreach',1,79),(326,'do-while',1,79),(327,'while',1,79),(328,'$arr = [\"key\" => \"value\"];',1,80),(329,'$arr = array(\"key\" => \"value\");',1,80),(330,'$arr = {key: \"value\"};',0,80),(331,'$arr = array(\"key\", \"value\");',0,80),(332,'readfile()',1,81),(333,'read()',0,81),(334,'fopen()',1,81),(335,'fread()',1,81),(336,'check_file()',0,82),(337,'is_file()',1,82),(338,'file_exists()',1,82),(339,'validate_file()',0,82),(340,'throw',1,83),(341,'try',1,83),(342,'catch',1,83),(343,'catch_exception',0,83),(344,'use()',0,84),(345,'require()',1,84),(346,'include()',1,84),(347,'import()',0,84),(348,'throw',1,85),(349,'return',0,85),(350,'error()',0,85),(351,'die()',1,85),(352,'try',0,85),(353,'try-catch',1,85),(354,'error_reporting()',1,85),(355,'define Class { }',0,86),(356,'class ClassName { }',1,86),(357,'class = ClassName { }',0,86),(358,'create class ClassName { }',0,86),(359,'instance',0,87),(360,'object',0,87),(361,'create',0,87),(362,'new',1,87),(363,'external',0,88),(364,'private',1,88),(365,'open',0,88),(366,'public',0,88),(367,'implements',0,89),(368,'inherits',0,89),(369,'extends',1,89),(370,'copy',0,89),(371,'function Constructor() { }',0,90),(372,'function start() { }',0,90),(373,'function __construct() { }',1,90),(374,'function new() { }',0,90),(375,'this::',0,91),(376,'parent::',1,91),(377,'super::',0,91),(378,'base::',0,91),(379,'class abstract ClassName { }',0,92),(380,'abstract class ClassName { }',1,92),(381,'interface ClassName { }',0,92),(382,'virtual class ClassName { }',0,92),(383,'implements Interface1, Interface2',1,93),(384,'extends Interface1, Interface2',0,93),(385,'use Interface1, Interface2',0,93),(386,'inherit Interface1, Interface2',0,93),(399,'To prevent a method from being overridden',1,94),(400,'To define a constant',0,94),(401,'To mark a class as complete',0,94),(402,'To make a class unmodifiable',0,94),(403,'Simplified Query Language',0,95),(404,'Structured Query List',0,95),(405,'Simple Query Language',0,95),(406,'Structured Query Language',1,95),(407,'RETRIEVE',0,96),(408,'FETCH',0,96),(409,'JOIN',0,96),(410,'GET',0,96),(411,'SELECT',1,96),(412,'DROP table_name',0,97),(413,'DELETE table_name',0,97),(414,'REMOVE TABLE table_name',0,97),(415,'DROP TABLE table_name',1,97),(416,'ARRANGE',0,98),(417,'SORT',0,98),(418,'GROUP BY',0,98),(419,'ORDER BY',1,98),(420,'DROP table_name',0,99),(421,'CLEAR TABLE table_name',0,99),(422,'DELETE * FROM table_name',0,99),(423,'TRUNCATE TABLE table_name',1,99),(424,'PRIMARY KEY',0,100),(425,'UNIQUE',1,100),(426,'FOREIGN KEY',0,100),(427,'CHECK',0,100),(428,'Total salary of employees',0,101),(429,'List of all employee names',0,101),(430,'Number of employees',1,101),(431,'Total count of unique employees',0,101),(432,'UPDATE',1,102),(433,'INSERT',0,102),(434,'MODIFY',0,102),(435,'CHANGE',0,102),(436,'HAVING',0,103),(437,'FILTER',0,103),(438,'LIMIT',0,103),(439,'WHERE',1,103),(440,'GROUP BY',1,104),(441,'ORDER BY',0,104),(442,'SUM',0,104),(443,'COLLATE',0,104),(444,'Deletes duplicate rows',0,105),(445,'Combines duplicate rows',0,105),(446,'Returns only unique rows',1,105),(447,'Displays only distinct columns',0,105),(448,'DATE()',0,106),(449,'NOW()',0,106),(450,'CURDATE()',1,106),(451,'TODAY()',0,106),(452,'Descending',0,107),(453,'Alphabetical',0,107),(454,'Random',0,107),(455,'Ascending',1,107),(456,'ALTER TABLE table_name ADD COLUMN column_name datatype',1,108),(457,'UPDATE TABLE table_name ADD COLUMN column_name datatype',0,108),(458,'ADD COLUMN column_name datatype',0,108),(459,'INSERT COLUMN column_name datatype',0,108),(460,'SUM()',0,109),(461,'MIN()',0,109),(462,'ORDER()',1,109),(463,'AVG()',0,109),(464,'Limits the number of rows returned',1,110),(465,'Limits the number of characters in a column',0,110),(466,'Limits the number of columns in the output',0,110),(467,'Limits the types of data returned',0,110),(468,'INIT DATABASE',0,111),(469,'CREATE DATABASE',1,111),(470,'NEW DATABASE',0,111),(471,'MAKE DATABASE',0,111),(472,'MERGE',0,112),(473,'LINK',0,112),(474,'COMBINE',0,112),(475,'JOIN',1,112),(476,'ALTER TABLE table_name ADD CONSTRAINT fk_name FOREIGN KEY (column_name) REFERENCES other_table(other_column)',1,113),(477,'CREATE FOREIGN KEY',0,113),(478,'ALTER TABLE ADD FOREIGN KEY',0,113),(479,'ADD FOREIGN KEY TO',0,113),(480,'It will return rows where age is 0.',0,114),(481,'It will throw an error.',0,114),(482,'It will return all users with age set to NULL.',0,114),(483,'It will return no rows.',1,114),(484,'RETRIEVE',0,115),(485,'SHOW',1,115),(486,'FETCH',0,115),(487,'SELECT',1,115),(488,'VARCHAR',1,116),(489,'WHERE',0,116),(490,'INTEGER',1,116),(491,'FROM',0,116),(492,'WHERE',0,117),(493,'PRIMARY KEY',1,117),(494,'FOREIGN KEY',1,117),(495,'DEFAULT',1,117),(496,'DELETE',0,118),(497,'DROP TABLE',1,118),(498,'UPDATE',0,118),(499,'ALTER TABLE',1,118),(500,'OUTER JOIN',1,119),(501,'FILTER',0,119),(502,'INNER JOIN',1,119),(503,'FROM',0,119),(504,'GROUP BY',1,120),(505,'FROM',0,120),(506,'ORDER BY',1,120),(507,'LIMIT',1,120),(508,'Delete all rows in a table',0,121),(509,'Change data type of a column',1,121),(510,'Rename a column',1,121),(511,'Add a new column',1,121),(512,'UPPER()',1,122),(513,'LENGTH()',1,122),(514,'MOD()',0,122),(515,'CONCAT()',1,122),(516,'WHERE',0,123),(517,'ORDER BY',0,123),(518,'GROUP BY',0,123),(519,'HAVING',1,123),(520,'Home Tool Markup Language',0,124),(521,'Hyperlinks and Text Markup Language',0,124),(522,'Hypertext Management Language',0,124),(523,'Hypertext Markup Language',1,124),(524,'<div>',0,125),(525,'<span>',0,125),(526,'<section>',0,125),(527,'<p>',1,125),(528,'src',0,126),(529,'alt',0,126),(530,'title',0,126),(531,'href',1,126),(532,'<font>',1,127),(533,'<article>',0,127),(534,'<footer>',0,127),(535,'<nav>',0,127),(536,'background-color',1,128),(537,'border-color',0,128),(538,'color',0,128),(539,'font-color',0,128),(540,'fixed',1,129),(541,'static',0,129),(542,'relative',0,129),(543,'absolute',0,129),(544,'Breaks a line',1,130),(545,'Inserts a blank line',0,130),(546,'Creates a new paragraph',0,130),(547,'Creates a list',0,130),(548,'<code>',0,131),(549,'<javascript>',0,131),(550,'<script>',1,131),(551,'<js>',0,131),(552,'undefined',0,132),(553,'null',0,132),(554,'string',0,132),(555,'object',1,132),(556,'onclick',1,133),(557,'onchange',0,133),(558,'keydown',0,133),(559,'mouseover',0,133),(560,'<video>',1,134),(561,'<iframe>',0,134),(562,'<source>',0,134),(563,'<media>',0,134),(564,'Materialize',0,135),(565,'Bootstrap',1,135),(566,'Foundation',0,135),(567,'Tailwind CSS',0,135),(568,'block',1,136),(569,'inline-block',0,136),(570,'inline',0,136),(571,'flex',0,136),(572,'push()',1,137),(573,'pop()',0,137),(574,'shift()',0,137),(575,'unshift()',0,137),(576,'alert()',1,138),(577,'message()',0,138),(578,'alertbox()',0,138),(579,'msg()',0,138),(580,'<link>',0,139),(581,'<a>',1,139),(582,'<connect>',0,139),(583,'<nav>',0,139),(584,'<style src=\"styles.css\">',0,140),(585,'<link href=\"styles.css\" rel=\"stylesheet\">',1,140),(586,'<css>',0,140),(587,'<stylesheet>',0,140),(588,'isNaN()',1,141),(589,'checkNum()',0,141),(590,'isNumber()',0,141),(591,'isFinite()',0,141),(592,'<!-- Comment -->',0,142),(593,'# Comment',0,142),(594,'/* Comment */',0,142),(595,'// Comment',1,142),(596,'let',0,143),(597,'const',1,143),(598,'constant',0,143),(599,'var',0,143),(600,'Comments',0,144),(601,'Metadata information',1,144),(602,'Main content',0,144),(603,'Footer',0,144),(604,'font-family',1,145),(605,'font-style',0,145),(606,'font-weight',0,145),(607,'text-transform',0,145),(608,'console.log(\"Hello World\");',1,146),(609,'echo \"Hello World\";',0,146),(610,'alertBox(\"Hello World\");',0,146),(611,'System.out.println(\"Hello World\");',0,146),(612,'font-height',0,147),(613,'font-size',1,147),(614,'font-weight',0,147),(615,'text-size',0,147),(616,'margin: center',0,148),(617,'align-center',0,148),(618,'center',0,148),(619,'text-align: center',1,148),(620,'pop()',1,149),(621,'push()',0,149),(622,'slice()',0,149),(623,'shift()',0,149),(624,'Embedding videos',0,150),(625,'Displaying images',0,150),(626,'Creating text blocks',0,150),(627,'Adding metadata',1,150),(628,'<span>',0,151),(629,'<div>',1,151),(630,'<a>',0,151),(631,'<b>',0,151),(632,'border',1,152),(633,'border-color',0,152),(634,'border-width',0,152),(635,'border-style',0,152),(636,'define',0,153),(637,'let',0,153),(638,'const',1,153),(639,'var',0,153),(640,'Embedded CSS',0,154),(641,'External CSS',1,154),(642,'Inline CSS',1,154),(643,'Internal CSS',1,154),(644,'<ol>',1,155),(645,'<li>',1,155),(646,'<ul>',1,155),(647,'<list>',0,155),(648,'Boolean',1,156),(649,'String',1,156),(650,'Number',1,156),(651,'Object',0,156),(652,'getElementsByClassName()',1,157),(653,'getElementById()',1,157),(654,'findElement()',0,157),(655,'querySelector()',1,157),(656,'margin',1,158),(657,'padding',1,158),(658,'align-items',0,158),(659,'text-align',1,158),(660,'filter()',1,159),(661,'loop()',0,159),(662,'map()',1,159),(663,'forEach()',1,159),(664,'inline-flex',1,160),(665,'flex',1,160),(666,'block',0,160),(667,'grid',0,160),(668,'background-color',1,161),(669,'color',1,161),(670,'border-color',1,161),(671,'font-color',0,161),(672,'mouseover',1,162),(673,'keypress',0,162),(674,'mousedown',1,162),(675,'click',1,162),(676,'<center>',0,163),(677,'<header>',1,163),(678,'<footer>',1,163),(679,'<article>',1,163),(680,'Start()',0,164),(681,'Run()',0,164),(682,'Execute()',0,164),(683,'Main()',1,164),(684,'inherit',0,165),(685,'base',0,165),(686,':',1,165),(687,'extends',0,165),(688,'int num = 5;',1,166),(689,'integer num = 5;',0,166),(690,'int num = \"5\";',0,166),(691,'num int = 5;',0,166),(692,'protected',1,167),(693,'private',0,167),(694,'internal',0,167),(695,'public',0,167),(696,'The method is shared by all instances of the class.',1,168),(697,'The method can only be called from an instance of the class.',0,168),(698,'The method cannot be overridden.',0,168),(699,'The method cannot return a value.',0,168),(700,'^',0,169),(701,'&',0,169),(702,'+',1,169),(703,'*',0,169),(704,'object',0,170),(705,'string',1,170),(706,'char',0,170),(707,'text',0,170),(708,'0',0,171),(709,'true',0,171),(710,'null',0,171),(711,'false',1,171),(712,'decimal',0,172),(713,'int',0,172),(714,'string',1,172),(715,'bool',0,172),(716,'To define classes',0,173),(717,'To include external libraries',0,173),(718,'To import namespaces',1,173),(719,'To define namespaces',0,173),(720,'3',0,174),(721,'2',0,174),(722,'1.5',0,174),(723,'1',1,174),(724,'Console.ReadKey()',0,175),(725,'Console.Read()',0,175),(726,'Console.ReadLine()',1,175),(727,'Console.Input()',0,175),(728,'Makes the class abstract',0,176),(729,'Prevents the class from being inherited',1,176),(730,'Allows multiple inheritances',0,176),(731,'Prevents the class from being instantiated',0,176),(732,'To handle the exception',0,177),(733,'To throw an exception',0,177),(734,'To execute code regardless of whether an exception occurs',1,177),(735,'To execute code only if an exception occurs',0,177),(736,'char',1,178),(737,'byte',0,178),(738,'string',0,178),(739,'bool',0,178),(740,'Converting a string to an integer',0,179),(741,'Converting a reference type to a value type',0,179),(742,'Packing an array into a collection',0,179),(743,'Converting a value type to a reference type',1,179),(744,'struct',0,180),(745,'class',0,180),(746,'abstract',0,180),(747,'interface',1,180),(748,'Path',0,181),(749,'StreamReader',0,181),(750,'FileStream',0,181),(751,'File',1,181),(752,'Hierarchical',0,182),(753,'Multiple',1,182),(754,'Single',0,182),(755,'Multilevel',0,182),(756,'To indicate a method will run asynchronously',1,183),(757,'To repeat a loop indefinitely',0,183),(758,'To stop code execution',0,183),(759,'To lock a method for single-thread access',0,183),(760,'int',0,184),(761,'string',1,184),(762,'Array',1,184),(763,'object',1,184),(764,'protected',1,185),(765,'default',0,185),(766,'public',1,185),(767,'internal',1,185),(768,'Clear()',1,186),(769,'Write()',1,186),(770,'Output()',0,186),(771,'ReadLine()',1,186),(776,'Enum',0,188),(777,'Class',1,188),(778,'Delegate',0,188),(779,'Struct',1,188),(780,'double',1,189),(781,'int',1,189),(782,'bool',1,189),(783,'string',0,189),(784,'It is used to create abstract methods',1,190),(785,'It supports method overriding',1,190),(786,'It allows a method to have different implementations',1,190),(787,'Interfaces are not related to polymorphism',0,190),(788,'Abstract methods must be implemented in derived classes',1,187),(789,'It can be applied to classes',1,187),(790,'It can be applied to methods',1,187),(791,'Abstract classes can be instantiated',0,187),(792,'A graph database',0,191),(793,'A key-value store',0,191),(794,'A relational database',0,191),(795,'A NoSQL document database',1,191),(796,'YAML',0,192),(797,'BSON',1,192),(798,'CSV',0,192),(799,'XML',0,192),(800,'insertOne()',1,193),(801,'createDoc()',0,193),(802,'insertSingle()',0,193),(803,'add()',0,193),(804,'get()',0,194),(805,'find()',1,194),(806,'search()',0,194),(807,'SELECT',0,194),(808,'updateDoc()',0,195),(809,'setOne()',0,195),(810,'updateOne()',1,195),(811,'modify()',0,195),(812,'deleteAll()',0,196),(813,'drop()',0,196),(814,'deleteMany({})',1,196),(815,'removeAll()',0,196),(816,'$match',1,197),(817,'$search',0,197),(818,'$filter',0,197),(819,'$find',0,197),(820,'To replicate data for backup',0,198),(821,'To index data',0,198),(822,'To manage transactions',0,198),(823,'To partition data across servers',1,198),(824,'27017',1,199),(825,'3306',0,199),(826,'5432',0,199),(827,'8080',0,199),(828,'mongodump',1,200),(829,'mongobackup',0,200),(830,'mongoback',0,200),(831,'mongosave',0,200),(832,'Deletes a document',0,201),(833,'Adds a document',0,201),(834,'Creates a collection',0,201),(835,'Creates an index on a collection',1,201),(836,'Hierarchical',0,202),(837,'Document-based',1,202),(838,'Relational',0,202),(839,'Column-based',0,202),(840,'mongo',0,203),(841,'mongoshell',0,203),(842,'startMongo',0,203),(843,'mongod',1,203),(844,'A group of MongoDB servers that maintain the same data',1,204),(845,'A method to increase speed',0,204),(846,'A backup of the database',0,204),(847,'A schema validation tool',0,204),(848,'Sorts documents',0,205),(849,'Aggregates numbers',0,205),(850,'Filters documents',0,205),(851,'Joins documents from another collection',1,205),(852,'find()',1,206),(853,'getAll()',0,206),(854,'searchAll()',0,206),(855,'findOne()',1,206),(856,'$match',1,207),(857,'$filter',0,207),(858,'$sort',1,207),(859,'$group',1,207),(860,'Creating user interfaces',0,208),(861,'Managing database connections',0,208),(862,'Scheduling tasks in a thread pool',1,208),(863,'Handling file I/O operations',0,208),(864,'begin()',0,209),(865,'execute()',0,209),(866,'run()',0,209),(867,'start()',1,209),(868,'Automates garbage collection',0,210),(869,'Prevents concurrent access to a block of code',1,210),(870,'Compiles the code in parallel',0,210),(871,'Optimizes the code for speed',0,210),(872,'java.text',0,211),(873,'java.util',1,211),(874,'java.lang',0,211),(875,'java.io',0,211),(876,'public T methodName(T parameter)',0,212),(877,'public void <T> methodName(T parameter)',0,212),(878,'public methodName<T>(T parameter)',0,212),(879,'public <T> void methodName(T parameter)',1,212),(880,'It is unrelated to network operations.',0,213),(881,'It is used for low-level file and stream I/O.',0,213),(882,'It provides non-blocking I/O operations.',1,213),(883,'It supports only blocking I/O operations.',0,213),(884,'The code runs asynchronously.',0,214),(885,'The code is faster.',0,214),(886,'The resource is closed after the try block is executed.',1,214),(887,'Debugging is easier.',0,214),(888,'Java 9',0,215),(889,'Java 7',0,215),(890,'Java 6',0,215),(891,'Java 8',1,215),(892,'It makes the code thread-unsafe',0,216),(893,'It is used for error handling.',0,216),(894,'It improves code readability.',0,216),(895,'It ensures a variable is read directly from memory.',1,216),(896,'Streams store data permanently.',0,217),(897,'Streams do not support functional operations.',0,217),(898,'Streams are mutable data structures.',0,217),(899,'Streams can be processed in parallel.',1,217),(900,'Callable runs synchronously only.',0,218),(901,'Callable is used only for UI programming.',0,218),(902,'Callable runs code in a separate process.',0,218),(903,'Callable can return a result and throw exceptions.',1,218),(904,'yield()',0,219),(905,'pause()',0,219),(906,'wait()',0,219),(907,'sleep()',1,219),(908,'The interface is for file operations.',0,220),(909,'The interface must have exactly one abstract method.',1,220),(910,'The interface cannot have any methods.',0,220),(911,'The interface supports polymorphism.',0,220),(912,'Optimizing runtime performance.',0,221),(913,'Inspecting and manipulating classes, fields, and methods at runtime.',1,221),(914,'Enhancing graphical user interfaces.',0,221),(915,'Modifying class files directly.',0,221),(916,'Socket',0,222),(917,'SSLSocket',1,222),(918,'ServerSocket',0,222),(919,'SecureConnection',0,222),(920,'Java Data Compiler',0,223),(921,'Java Database Controller',0,223),(922,'Java Database Connectivity',1,223),(923,'Java Data Connectivity',0,223),(924,'insert()',0,224),(925,'put()',1,224),(926,'add()',0,224),(927,'append()',0,224),(928,'The list is converted to a set.',0,225),(929,'The list is sorted in ascending order.',1,225),(930,'The list is cleared.',0,225),(931,'The list is reversed.',0,225),(932,'Vector',1,226),(933,'LinkedList',0,226),(934,'ArrayList',0,226),(935,'HashMap',0,226),(936,'execute()',0,227),(937,'run()',1,227),(938,'start()',1,227),(939,'yield()',1,227),(940,'Type safety',1,228),(941,'Faster compilation',0,228),(942,'Code reusability',1,228),(943,'Easier debugging',0,228),(944,'Future',1,229),(945,'ExecutorService',1,229),(946,'Runnable',0,229),(947,'Callable',1,229),(948,'Simplified data processing',1,230),(949,'Parallel execution',1,230),(950,'Immutable data structures',0,230),(951,'Storage management',0,230),(952,'object',0,231),(953,'instance',0,231),(954,'create',0,231),(955,'new',1,231),(956,'char',1,232),(957,'int',0,232),(958,'String',0,232),(959,'byte',0,232),(960,'setup()',0,233),(961,'createObject()',0,233),(962,'constructor',1,233),(963,'initialize()',0,233),(964,'10',0,234),(965,'30',0,234),(966,'15',0,234),(967,'20',1,234),(968,'Both A and B',0,235),(969,'None of the above',0,235),(970,'References of objects',1,235),(971,'Values of objects',0,235),(972,'32 bits',1,236),(973,'8 bits',0,236),(974,'64 bits',0,236),(975,'16 bits',0,236),(976,'static',0,237),(977,'main',1,237),(978,'private',0,237),(979,'void',0,237),(980,'ArrayIndexOutOfBoundsException',0,238),(981,'IOException',0,238),(982,'ArithmeticException',1,238),(983,'NullPointerException',0,238),(984,'0',0,239),(985,'true',0,239),(986,'null',0,239),(987,'false',1,239),(988,'DataInput',0,240),(989,'InputStream',0,240),(990,'BufferedReader',0,240),(991,'Scanner',1,240),(992,'private',0,241),(993,'default',1,241),(994,'public',0,241),(995,'protected',0,241),(996,'int',1,242),(997,'String',0,242),(998,'long',0,242),(999,'double',0,242),(1000,'super',0,243),(1001,'inherit',0,243),(1002,'extends',1,243),(1003,'implement',0,243),(1004,'Executes only if no exception is thrown',0,244),(1005,'Always executes regardless of an exception',1,244),(1006,'Does not execute at all',0,244),(1007,'Executes when an exception is thrown',0,244),(1008,'Integer',0,245),(1009,'char',1,245),(1010,'int',1,245),(1011,'String',0,245),(1012,'Implement Runnable and call start()',1,246),(1013,'Implement Runnable and call run()',0,246),(1014,'Extend Thread and call start()',1,246),(1015,'Implement Thread interface and call start()',0,246),(1016,'Constructors can have a return type.',0,247),(1017,'Constructors can be overloaded.',1,247),(1018,'Constructors must always be public.',0,247),(1019,'Constructors are called when an object is created.',1,247),(1020,'Internet Explorer\'s Chakra engine',0,248),(1021,'Firefox\'s SpiderMonkey engine',0,248),(1022,'Safari\'s Nitro engine',0,248),(1023,'Chrome\'s V8 JavaScript engine',1,248),(1024,'import moduleName',0,249),(1025,'include moduleName',0,249),(1026,'load moduleName',0,249),(1027,'require(\'moduleName\')',1,249),(1028,'server.create()',0,250),(1029,'http.createServer()',1,250),(1030,'net.createServer()',0,250),(1031,'server.start()',0,250),(1032,'Global',0,251),(1033,'Public',0,251),(1034,'Local to the module',1,251),(1035,'Private',0,251),(1036,'To handle HTTP requests',0,252),(1037,'To manage sessions',0,252),(1038,'To work with the file system',1,252),(1039,'To connect to databases',0,252),(1040,'It runs synchronous code only.',0,253),(1041,'It blocks the main thread during execution.',0,253),(1042,'It does not support callbacks.',0,253),(1043,'It handles requests asynchronously.',1,253),(1044,'fs.read()',0,254),(1045,'fs.readFileSync()',0,254),(1046,'fs.getFile()',0,254),(1047,'fs.readFile()',1,254),(1048,'npm add package-name',0,255),(1049,'npm install package-name --save',0,255),(1050,'npm get package-name',0,255),(1051,'npm install package-name -g',1,255),(1052,'respond()',0,256),(1053,'write()',0,256),(1054,'send()',0,256),(1055,'end()',1,256),(1056,'A server configuration file',0,257),(1057,'A function that handles HTTP requests and responses',1,257),(1058,'A type of database',0,257),(1059,'A built-in JavaScript library',0,257),(1060,'Passes control to the next middleware function',1,258),(1061,'Restarts the middleware chain',0,258),(1062,'Terminates the server',0,258),(1063,'Ends the response',0,258),(1064,'app.get()',1,259),(1065,'app.postRoute()',0,259),(1066,'app.routes()',0,259),(1067,'app.route()',0,259),(1068,'It is used to handle binary data.',1,260),(1069,'It is used for database connections.',0,260),(1070,'It manages modules.',0,260),(1071,'It is used for HTTP handling.',0,260),(1072,'Starts a new npm process',0,261),(1073,'Installs all packages',0,261),(1074,'Runs a script specified in the start field of package.json',1,261),(1075,'Launches the npm CLI',0,261),(1076,'jQuery',0,262),(1077,'http',1,262),(1078,'fs',1,262),(1079,'express',0,262),(1080,'Threads',0,263),(1081,'Callbacks',1,263),(1082,'Promises',1,263),(1083,'Loops',0,263),(1084,'EventEmitter.on()',1,264),(1085,'EventEmitter.add()',0,264),(1086,'EventEmitter.emit()',1,264),(1087,'EventEmitter.start()',0,264),(1088,'It cannot install packages globally.',0,265),(1089,'It stands for \"Node Package Manager.\"',1,265),(1090,'It allows version control of packages.',1,265),(1091,'It is used only for installing Node.js.',0,265),(1092,'It replaces all synchronous functions in Node.js.',0,266),(1093,'async/await blocks the event loop.',0,266),(1094,'It simplifies handling of asynchronous code.',1,266),(1095,'await can be used only inside an async function.',1,266),(1096,'Social, Marketing, Analytics, Cloud',0,267),(1097,'Social, Media, Analytics, Cloud',0,267),(1098,'Strategy, Marketing, Analytics, Cloud',0,267),(1099,'Social, Mobile, Analytics, Cloud',1,267),(1100,'Writing mobile applications',0,268),(1101,'Enhancing customer engagement',1,268),(1102,'Tracking financial transactions',0,268),(1103,'Managing cloud infrastructure',0,268),(1104,'Firebase',0,269),(1105,'Google Analytics',0,269),(1106,'Twitter, Facebook, Instagram',1,269),(1107,'AWS, Microsoft Azure',0,269),(1108,'Managing data storage on cloud',0,270),(1109,'Building mobile applications and optimizing user experience on mobile devices',1,270),(1110,'Website traffic analysis',0,270),(1111,'Creating marketing campaigns on social media',0,270),(1112,'React Native',1,271),(1113,'Tableau',0,271),(1114,'Power BI',0,271),(1115,'Google Analytics',0,271),(1116,'Static networking solutions',0,272),(1117,'Local data storage',0,272),(1118,'Traditional on-premise software',0,272),(1119,'Scalable infrastructure',1,272),(1120,'FaaS',0,273),(1121,'SaaS',0,273),(1122,'IaaS',1,273),(1123,'PaaS',0,273),(1124,'Software and Storage as a Service',0,274),(1125,'Server and Application as a Service',0,274),(1126,'System as a Service',0,274),(1127,'Software as a Service',1,274),(1128,'Localized advertising',0,275),(1129,'The speed of mobile apps',0,275),(1130,'Cost of hardware',0,275),(1131,'Data privacy and security',1,275),(1132,'AWS (Amazon Web Services)',1,276),(1133,'WordPress',0,276),(1134,'Google Analytics',0,276),(1135,'GitHub',0,276),(1136,'React Native',1,277),(1137,'Apache Hadoop',0,277),(1138,'Elasticsearch',0,277),(1139,'Google Analytics',0,277),(1140,'Local data storage',0,278),(1141,'Fixed pricing models',0,278),(1142,'Limited scalability',0,278),(1143,'On-demand access to computing resources',1,278),(1144,'LinkedIn',0,279),(1145,'Snapchat',0,279),(1146,'Pinterest',0,279),(1147,'Facebook',1,279),(1148,'Faster decision-making through analytics',0,280),(1149,'More reliance on local infrastructure',1,280),(1150,'Improved user experience via mobile apps',0,280),(1151,'Enhanced customer engagement through social media',0,280),(1152,'Predictive analytics',1,281),(1153,'Data mining',1,281),(1154,'Mobile app development',0,281),(1155,'Social media posts',0,281),(1156,'Yahoo',0,282),(1157,'Facebook',1,282),(1158,'Twitter',1,282),(1159,'MySpace',0,282),(1160,'Improved SEO rankings',0,283),(1161,'Increased accessibility through mobile devices',1,283),(1162,'Enhanced user engagement through apps',1,283),(1163,'Local data storage for all users',0,283),(1164,'Difficulty in managing big data',1,284),(1165,'High costs of implementation',0,284),(1166,'Complex integration of cloud and social media tools',1,284),(1167,'Inconsistent user experience across platforms',0,284),(1168,'Build Mobile Applications',0,285),(1169,'Build Web Services',1,285),(1170,'Build Desktop Applications',0,285),(1171,'Manage Database Connections',0,285),(1172,'JSON',1,286),(1173,'HTML',0,286),(1174,'CSV',0,286),(1175,'XML',0,286),(1176,'GET',1,287),(1177,'DELETE',0,287),(1178,'PUT',0,287),(1179,'POST',0,287),(1180,'[HttpGet]',0,288),(1181,'[Route]',0,288),(1182,'[ApiController]',1,288),(1183,'[Controller]',0,288),(1184,'dotnet new api',1,289),(1185,'dotnet new web',0,289),(1186,'dotnet new console',0,289),(1187,'dotnet new mvc',0,289),(1188,'Get()',0,290),(1189,'Put()',0,290),(1190,'Post()',1,290),(1191,'Delete()',0,290),(1192,'RouteCollection',0,291),(1193,'RouteData',0,291),(1194,'RouteConfig',1,291),(1195,'Router',0,291),(1196,'[Route(\"api/{id}\")]',0,292),(1197,'[Route(\"/api?id\")]',0,292),(1198,'[Route(\"api/{id?}\")]',0,292),(1199,'[Route(\"/api/{id}\")]',1,292),(1200,'5000',1,293),(1201,'443',0,293),(1202,'8000',0,293),(1203,'8080',0,293),(1204,'return Ok(data);',1,294),(1205,'return Json(data);',0,294),(1206,'return new HttpResponseMessage();',0,294),(1207,'return View(data);',0,294),(1208,'It defines the API route.',0,295),(1209,'It handles GET requests to the API.',1,295),(1210,'It validates the data received from the client.',0,295),(1211,'It indicates that the method will perform database operations.',0,295),(1212,'ExceptionMiddleware',0,296),(1213,'ErrorHandlingMiddleware',0,296),(1214,'UseExceptionHandler',1,296),(1215,'TryCatchMiddleware',0,296),(1216,'All of the above',1,297),(1217,'WindowsAuthentication',0,297),(1218,'CookieAuthentication',0,297),(1219,'IdentityServer4',0,297),(1220,'Required',1,298),(1221,'ModelBinder',0,298),(1222,'HttpPut',0,298),(1223,'ValidateModel',0,298),(1224,'Allows multiple versions of the same API',1,299),(1225,'Enables feature deprecation',1,299),(1226,'Reduces the complexity of routing',0,299),(1227,'Ensures backward compatibility',1,299),(1228,'201 Created',1,300),(1229,'500 Internal Server Error',0,300),(1230,'200 OK',1,300),(1231,'400 Bad Request',0,300),(1232,'Stateless communication',1,301),(1233,'Client-server architecture',1,301),(1234,'Multiple API versions',0,301),(1235,'Caching of responses',1,301),(1236,'XML Comments',1,302),(1237,'Postman',0,302),(1238,'Swagger',1,302),(1239,'OpenAPI',1,302),(1240,'Model-View-Custom',0,303),(1241,'Module-View-Constructor',0,303),(1242,'Main-View-Controller',0,303),(1243,'Model-View-Controller',1,303),(1244,'Display()',0,304),(1245,'Show()',0,304),(1246,'Render()',0,304),(1247,'View()',1,304),(1248,'To control user input',0,305),(1249,'To display data',0,305),(1250,'To route requests',0,305),(1251,'To handle data and business logic',1,305),(1252,'.cshtml',1,306),(1253,'.html',0,306),(1254,'.aspx',0,306),(1255,'.razor',0,306),(1256,'DELETE',0,307),(1257,'POST',1,307),(1258,'PUT',0,307),(1259,'GET',0,307),(1260,'RedirectToAction()',1,308),(1261,'RedirectToPage()',0,308),(1262,'GoToAction()',0,308),(1263,'MoveToAction()',0,308),(1264,'AllowAnonymous',0,309),(1265,'Auth',0,309),(1266,'Authentication',0,309),(1267,'Authorize',1,309),(1268,'To handle exceptions',0,310),(1269,'To store temporary data between controller and view',1,310),(1270,'To store strongly-typed data',0,310),(1271,'To display logs',0,310),(1272,'JsonResult',0,311),(1273,'ViewResult',0,311),(1274,'FileResult',0,311),(1275,'PageResult',1,311),(1276,'To store data for a single request',0,312),(1277,'To store data until it is read',1,312),(1278,'To store view templates',0,312),(1279,'To store data permanently',0,312),(1280,'Displays data',0,313),(1281,'Renders a partial view',0,313),(1282,'Creates a hyperlink',1,313),(1283,'Renders a form',0,313),(1284,'RouteHandler',0,314),(1285,'WebConfig',0,314),(1286,'RouteConfig',1,314),(1287,'Router',0,314),(1288,'A templating engine',1,315),(1289,'A testing framework',0,315),(1290,'A UI design tool',0,315),(1291,'A database engine',0,315),(1292,'To handle HTTP requests',0,316),(1293,'To return JSON data',0,316),(1294,'To include CSS files',0,316),(1295,'To render a partial view',1,316),(1296,'View()',0,317),(1297,'Json()',1,317),(1298,'Content()',1,317),(1299,'PartialView()',0,317),(1300,'Using model binding',1,318),(1301,'Using QueryString',1,318),(1302,'Using FormCollection',1,318),(1303,'Using TempData',0,318),(1304,'Kotlin',0,319),(1305,'Python',0,319),(1306,'JavaScript',0,319),(1307,'Dart',1,319),(1308,'ListView',1,320),(1309,'Container',0,320),(1310,'Row',0,320),(1311,'Column',0,320),(1312,'To handle HTTP requests',0,321),(1313,'To build the UI',0,321),(1314,'To run the app',1,321),(1315,'To define routes',0,321),(1316,'createState()',1,322),(1317,'dispose()',0,322),(1318,'build()',0,322),(1319,'initState()',0,322),(1320,'Terminates the app',0,323),(1321,'Saves data to local storage',0,323),(1322,'Refreshes the app',0,323),(1323,'Modifies the state and triggers a rebuild',1,323),(1324,'SnackBar',0,324),(1325,'AlertDialog',1,324),(1326,'ModalBottomSheet',0,324),(1327,'Toast',0,324),(1328,'GestureDetector',1,325),(1329,'Scaffold',0,325),(1330,'Text',0,325),(1331,'Column',0,325),(1332,'Navigates to a new screen and adds it to the stack',1,326),(1333,'Pops the current route off the stack',0,326),(1334,'Refreshes the current page',0,326),(1335,'Closes the current screen',0,326),(1336,'PhotoView',0,327),(1337,'Image',1,327),(1338,'Canvas',0,327),(1339,'Picture',0,327),(1340,'deactivate()',0,328),(1341,'build()',0,328),(1342,'initState()',0,328),(1343,'dispose()',1,328),(1344,'Redux',1,329),(1345,'RxJS',0,329),(1346,'Provider',1,329),(1347,'Bloc',1,329),(1348,'Column',1,330),(1349,'Container',1,330),(1350,'Box',0,330),(1351,'Row',1,330),(1352,'Creating navigation drawers',1,331),(1353,'Handling API requests',0,331),(1354,'Providing a default app bar',1,331),(1355,'Displaying bottom sheets',1,331),(1356,'AnimationBuilder',0,332),(1357,'AnimatedContainer',1,332),(1358,'AnimatedOpacity',1,332),(1359,'Hero',1,332),(1360,'Widget catalog',1,333),(1361,'Cross-platform compatibility',1,333),(1362,'Hot reload',1,333),(1363,'Built-in HTTP client',0,333),(1364,'0',0,334),(1365,'undefined',0,334),(1366,'null',1,334),(1367,'NaN',0,334),(1368,'final',0,335),(1369,'let',0,335),(1370,'const',1,335),(1371,'var',0,335),(1372,'var',1,336),(1373,'static',0,336),(1374,'final',0,336),(1375,'const',0,336),(1376,'$',1,337),(1377,'-',0,337),(1378,'&',0,337),(1379,'+',0,337),(1380,'virtual',0,338),(1381,'interface',0,338),(1382,'base',0,338),(1383,'abstract',1,338),(1384,'new List()',0,339),(1385,'List()',0,339),(1386,'[]',1,339),(1387,'Array()',0,339),(1388,'2',1,340),(1389,'2.0',0,340),(1390,'Error',0,340),(1391,'2.5',0,340),(1392,'catchError',0,341),(1393,'catch',0,341),(1394,'try',1,341),(1395,'handle',0,341),(1396,'main()',1,342),(1397,'start()',0,342),(1398,'init()',0,342),(1399,'run()',0,342),(1400,'Map map = {};',1,343),(1401,'map = new Dictionary();',0,343),(1402,'Map map = new Map();',0,343),(1403,'var map = {};',0,343),(1404,'auto x = 10;',0,344),(1405,'var x = 10;',1,344),(1406,'int x = 10;',1,344),(1407,'dynamic x = 10;',1,344),(1408,'To declare immutable variables.',1,345),(1409,'To create constants evaluated at compile time.',0,345),(1410,'To mark methods as non-overridable.',0,345),(1411,'To create runtime constants.',1,345),(1412,'remove()',1,346),(1413,'insert()',1,346),(1414,'add()',1,346),(1415,'append()',0,346),(1416,'Classes',1,347),(1417,'Inheritance',1,347),(1418,'Multithreading',0,347),(1419,'Polymorphism',1,347),(1420,'Resource State Transition',0,348),(1421,'Remote Execution of Services and Transfers',0,348),(1422,'Request State Transfer',0,348),(1423,'Representational State Transfer',1,348),(1424,'DELETE',0,349),(1425,'PUT',1,349),(1426,'POST',0,349),(1427,'GET',0,349),(1428,'DOCX',0,350),(1429,'XML',1,350),(1430,'PDF',0,350),(1431,'CSV',0,350),(1432,'Describing web services',1,351),(1433,'Storing data',0,351),(1434,'Formatting JSON responses',0,351),(1435,'Validating data input',0,351),(1436,'200',1,352),(1437,'400',0,352),(1438,'201',0,352),(1439,'404',0,352),(1440,'It allows only GET and POST methods.',0,353),(1441,'It requires cookies to function.',0,353),(1442,'It keeps session data between requests.',0,353),(1443,'It does not store client context between requests.',1,353),(1444,'TRACE',0,354),(1445,'PATCH',0,354),(1446,'DELETE',0,354),(1447,'FETCH',1,354),(1448,'FTP',0,355),(1449,'CAPTCHA',0,355),(1450,'IMAP',0,355),(1451,'OAuth2',1,355),(1452,'JSON format',1,356),(1453,'HTML document type',0,356),(1454,'Image format',0,356),(1455,'XML format',0,356),(1456,'Git',0,357),(1457,'Postman',1,357),(1458,'Docker',0,357),(1459,'Eclipse',0,357),(1460,'400',1,358),(1461,'201',0,358),(1462,'404',1,358),(1463,'200',0,358),(1464,'403',1,358),(1465,'500',0,358),(1466,'GET',1,359),(1467,'POST',1,359),(1468,'PUT',1,359),(1469,'CONNECT',0,359),(1470,'Client-server architecture',1,360),(1471,'Layered system',1,360),(1472,'Use of WSDL',0,360),(1473,'Statelessness',1,360),(1474,'Swagger/OpenAPI',1,361),(1475,'Postman',1,361),(1476,'VS Code',0,361),(1477,'Javadoc',0,361),(1478,'Use of HTTPS',1,362),(1479,'Storing passwords in plain text',0,362),(1480,'Data obfuscation',0,362),(1481,'Token-based authentication (e.g., JWT)',1,362),(1482,'Create desktop applications',0,363),(1483,'Develop database applications',0,363),(1484,'Build web applications',1,363),(1485,'Develop mobile applications',0,363),(1486,'JTA',1,364),(1487,'EJB',0,364),(1488,'JPA',0,364),(1489,'JDBC',0,364),(1490,'ejb-jar.xml',0,365),(1491,'persistence.xml',0,365),(1492,'web.xml',1,365),(1493,'application.xml',0,365),(1494,'Handle HTTP requests and responses',1,366),(1495,'Serve static content only',0,366),(1496,'Manage database connections',0,366),(1497,'Control application flow',0,366),(1498,'@Stateless',1,367),(1499,'@EJB',0,367),(1500,'@MessageDriven',0,367),(1501,'@Session',0,367),(1502,'EJB',0,368),(1503,'JSF',0,368),(1504,'JPA',1,368),(1505,'JSP',0,368),(1506,'@EJB',0,369),(1507,'@Resource',0,369),(1508,'@Autowired',0,369),(1509,'@Inject',1,369),(1510,'EJB',0,370),(1511,'Servlet',0,370),(1512,'JSP',0,370),(1513,'JSF',1,370),(1514,'Java API for XML Processing',0,371),(1515,'Java Application Real-time Service',0,371),(1516,'Java API for RESTful Web Services',1,371),(1517,'Java Application XML Response Service',0,371),(1518,'JAX-WS',1,372),(1519,'EJB',0,372),(1520,'JAX-RS',0,372),(1521,'CDI',0,372),(1522,'Entity Bean',0,373),(1523,'Stateful Session Bean',1,373),(1524,'Message-Driven Bean',1,373),(1525,'Stateless Session Bean',1,373),(1526,'@Singleton',1,374),(1527,'@Entity',1,374),(1528,'@Inject',1,374),(1529,'@RequestMapping',0,374),(1530,'Managing database transactions',1,375),(1531,'Querying databases with JPQL',1,375),(1532,'Managing web page navigation',0,375),(1533,'Entity management',1,375),(1534,'JSP',1,376),(1535,'JAX-RS Resources',1,376),(1536,'EJB',0,376),(1537,'Servlets',1,376),(1538,'Handle HTTP requests and responses',1,377),(1539,'Provide security and transaction management',1,377),(1540,'Deploy and manage enterprise applications',1,377),(1541,'Manage session data',0,377),(1542,'To create mobile applications',0,378),(1543,'To create web applications only',0,378),(1544,'To simplify Java application development by eliminating boilerplate code',1,378),(1545,'To create distributed applications',0,378),(1546,'@SpringApplication',0,379),(1547,'@ComponentScan',0,379),(1548,'@SpringBootApplication',1,379),(1549,'@EnableAutoConfiguration',0,379),(1550,'SpringApplication.run()',1,380),(1551,'spring-boot-run',0,380),(1552,'@SpringBootRun',0,380),(1553,'@RunWith',0,380),(1554,'WebLogic',0,381),(1555,'Jetty',0,381),(1556,'Undertow',0,381),(1557,'Tomcat',1,381),(1558,'spring-config.xml',0,382),(1559,'context.xml',0,382),(1560,'application.properties',1,382),(1561,'web.xml',0,382),(1562,'@Component',0,383),(1563,'@Service',0,383),(1564,'@RestController',1,383),(1565,'@Controller',0,383),(1566,'spring-boot-starter-web',0,384),(1567,'spring-boot-starter-thymeleaf',0,384),(1568,'spring-boot-starter-jdbc',0,384),(1569,'spring-boot-starter-data-jpa',1,384),(1570,'@Component',0,385),(1571,'@Repository',0,385),(1572,'@Service',1,385),(1573,'@Controller',0,385),(1574,'8080',1,386),(1575,'8000',0,386),(1576,'7070',0,386),(1577,'9090',0,386),(1578,'Provides access to internal resources like databases',0,387),(1579,'Handles the security of web applications',0,387),(1580,'Automatically configures beans based on the environment',0,387),(1581,'Provides the ability to monitor and manage Spring Boot applications',1,387),(1582,'Embedded server support',1,388),(1583,'Easy deployment to cloud platforms',1,388),(1584,'Auto-configuration',1,388),(1585,'Automatic code generation',0,388),(1586,'Spring Initializr',1,389),(1587,'Maven or Gradle',1,389),(1588,'Eclipse IDE',0,389),(1589,'Spring CLI',1,389),(1590,'@Autowired',1,390),(1591,'@Bean',0,390),(1592,'@Inject',1,390),(1593,'@Value',1,390),(1594,'@SpringBootTest',1,391),(1595,'@WebMvcTest',1,391),(1596,'@TestRestTemplate',0,391),(1597,'@DataJpaTest',1,391),(1598,'%c',0,392),(1599,'%s',0,392),(1600,'%f',0,392),(1601,'%k',0,392),(1602,'%a',0,392),(1603,'%d',1,392),(1604,'4 bytes',1,393),(1605,'2 bytes',0,393),(1606,'8 bytes',0,393),(1607,'Depends on the compiler',0,393),(1608,'printf()',0,394),(1609,'scanf()',0,394),(1610,'malloc()',1,394),(1611,'free()',0,394),(1612,'3',1,395),(1613,'4',0,395),(1614,'3.33',0,395),(1615,'5',0,395),(1616,'Error',0,395),(1617,'Exits the loop',1,396),(1618,'Restarts the loop',0,396),(1619,'Stops the entire program',0,396),(1620,'Skips the current iteration',0,396),(1621,'auto',0,397),(1622,'register',0,397),(1623,'static_cast',1,397),(1624,'extern',0,397),(1625,'None',0,398),(1626,'char',0,398),(1627,'int',1,398),(1628,'void',0,398),(1629,'->',0,399),(1630,'&',0,399),(1631,'*',1,399),(1632,'%',0,399),(1633,'None',0,400),(1634,'while',0,400),(1635,'for',0,400),(1636,'do-while',1,400),(1637,'The memory address',0,401),(1638,'The number of elements in an array',0,401),(1639,'The value of the variable',0,401),(1640,'The size of the data type or variable in bytes',1,401),(1641,'scanf()',0,402),(1642,'getchar()',1,402),(1643,'gets()',0,402),(1644,'putchar()',0,402),(1645,'int arr[10];',1,403),(1646,'int array arr[10];',0,403),(1647,'int arr(10);',0,403),(1648,'int[10] arr;',0,403),(1649,'Division',0,404),(1650,'Modulus (remainder)',1,404),(1651,'Subtraction',0,404),(1652,'Multiplication',0,404),(1653,'function void();',0,405),(1654,'void func();',1,405),(1655,'func() void;',0,405),(1656,'void:func();',0,405),(1657,'Pointers support',1,406),(1658,'Object-oriented programming',0,406),(1659,'Procedural programming',1,406),(1660,'Platform independence',0,406),(1661,'break',1,407),(1662,'continue',1,407),(1663,'return',0,407),(1664,'goto',1,407),(1665,'Fixed size',1,408),(1666,'Can store elements of different types',0,408),(1667,'Indexed starting at 0',1,408),(1668,'Contiguous memory allocation',1,408),(1669,'Sun Microsystems',1,409),(1670,'Microsoft',0,409),(1671,'Apple',0,409),(1672,'Google',0,409),(1673,'Samsung',0,409),(1674,'OpenAI',0,409),(1675,'String',1,410),(1676,'boolean',0,410),(1677,'int',0,410),(1678,'float',0,410),(1679,'102030',0,411),(1680,'3030',1,411),(1681,'30',0,411),(1682,'1030',0,411),(1683,'main()',1,412),(1684,'start()',0,412),(1685,'init()',0,412),(1686,'run()',0,412),(1687,'object',0,413),(1688,'instance',0,413),(1689,'class',0,413),(1690,'new',1,413),(1691,'Runtime error',1,414),(1692,'Nothing happens',0,414),(1693,'Compile-time error',0,414),(1694,'Program runs normally',0,414),(1695,'To execute the Java program',0,415),(1696,'To print data to the console',1,415),(1697,'To read data from a file',0,415),(1698,'To write data to a file',0,415),(1699,'StringBuffer',0,416),(1700,'All of the above',1,416),(1701,'String',0,416),(1702,'StringBuilder',0,416),(1703,'static',0,417),(1704,'private',0,417),(1705,'final',1,417),(1706,'abstract',0,417),(1707,'Manage business logic',0,418),(1708,'Store data',0,418),(1709,'Display the user interface',0,418),(1710,'Coordinate requests between View and Model',1,418),(1711,'To store client-side data',0,419),(1712,'To store data long-term',0,419),(1713,'To store session data',0,419),(1714,'To share data between requests',1,419),(1715,'Manage Controller properties',0,420),(1716,'Connect to the database',0,420),(1717,'Store data from the View',0,420),(1718,'Define the result returned by an action',1,420),(1719,'Startup.cs',0,421),(1720,'Web.config',0,421),(1721,'App.config',0,421),(1722,'RouteConfig',1,421),(1723,'Add > View Template',0,422),(1724,'Add > Default View',0,422),(1725,'Add > New View',1,422),(1726,'Add > Razor View',0,422),(1727,'[ValidateAntiForgeryToken]',1,423),(1728,'[OutputCache]',0,423),(1729,'[ValidateInput]',0,423),(1730,'[Authorize]',0,423),(1731,'return Json(data, JsonRequestBehavior.AllowGet);',1,424),(1732,'return Redirect(data);',0,424),(1733,'return File(data);',0,424),(1734,'return View(data);',0,424),(1735,'DataReader',0,425),(1736,'SqlCommand',0,425),(1737,'DbSet',0,425),(1738,'DbContext',1,425),(1739,'routes.MapMvcAttributeRoutes();',0,426),(1740,'routes.RegisterRoutes();',0,426),(1741,'routes.AddRoute();',0,426),(1742,'routes.MapRoute();',1,426),(1743,'Startup.cs',0,427),(1744,'Web.config',0,427),(1745,'RouteConfig.cs',1,427),(1746,'Global.asax',0,427),(1753,'5',0,428),(1754,'3',1,428),(1755,'4',0,428),(1756,'6',0,428),(1757,'1',0,428),(1758,'2',1,428);
/*!40000 ALTER TABLE `t_answer` ENABLE KEYS */;
UNLOCK TABLES;

--
-- Table structure for table `t_answer_record`
--

DROP TABLE IF EXISTS `t_answer_record`;
/*!40101 SET @saved_cs_client     = @@character_set_client */;
/*!50503 SET character_set_client = utf8mb4 */;
CREATE TABLE `t_answer_record` (
  `answer_record_id` int NOT NULL AUTO_INCREMENT,
  `question_record_id` int DEFAULT NULL,
  `content` text NOT NULL,
  `is_correct` tinyint NOT NULL,
  PRIMARY KEY (`answer_record_id`),
  KEY `FKr27cdlrab947fu48jrtvf1bie` (`question_record_id`),
  CONSTRAINT `FKr27cdlrab947fu48jrtvf1bie` FOREIGN KEY (`question_record_id`) REFERENCES `t_question_record` (`question_record_id`)
) ENGINE=InnoDB AUTO_INCREMENT=1929 DEFAULT CHARSET=utf8mb4 COLLATE=utf8mb4_0900_ai_ci;
/*!40101 SET character_set_client = @saved_cs_client */;

--
-- Dumping data for table `t_answer_record`
--

LOCK TABLES `t_answer_record` WRITE;
/*!40000 ALTER TABLE `t_answer_record` DISABLE KEYS */;
INSERT INTO `t_answer_record` VALUES (461,116,'A',0),(462,116,'B',1),(463,116,'C',0),(464,116,'1',0),(465,117,'Hello, World!',0),(466,117,'\'Hello, World!\'',0),(467,117,'[Hello, World!]',0),(468,117,'\"Hello, World!\"',1),(469,118,'True',1),(470,118,'False',0),(471,118,'0',0),(472,118,'Undefined',0),(473,119,'Returning from a function',0),(474,119,'Declaring variables',0),(475,119,'Using uninitialized variables',1),(476,119,'Dereferencing a null pointer',1),(477,120,'| is used for OR',1),(478,120,'& is used for AND',1),(479,120,'^ is used for NOT',0),(480,120,'~ is used for XOR',0),(481,121,'To link libraries',0),(482,121,'To compile the code',0),(483,121,'To process directives before compilation',1),(484,121,'To execute the code',0),(485,122,'A function is private',0),(486,122,'A variable is local',0),(487,122,'A function is defined externally',1),(488,122,'A variable is defined in another file',1),(489,123,'#include <stdio.h>',1),(490,123,'#include \'stdio.h\'',0),(491,123,'#include (stdio.h)',0),(492,123,'#include [stdio.h]',0),(493,124,'array int[10];',0),(494,124,'arr int[10];',0),(495,124,'array[10] int;',0),(496,124,'int arr[10];',1),(497,125,'#include',1),(498,125,'#endif',0),(499,125,'#define',0),(500,125,'#ifdef',0),(501,126,'They are used to create new variables',0),(502,126,'They store the address of a variable',1),(503,126,'They cannot be NULL',0),(504,126,'They can only point to integers',0),(505,127,'Compilation error',0),(506,127,'15',0),(507,127,'20',0),(508,127,'5',1),(509,128,'malloc()',0),(510,128,'free()',1),(511,128,'calloc()',0),(512,128,'realloc()',0),(513,129,'To define a function',0),(514,129,'To exit the program',0),(515,129,'To create a loop',0),(516,129,'To return a value to the caller',1),(517,130,'A while loop is guaranteed to run at least once',0),(518,130,'do-while loops cannot be nested',0),(519,130,'A for loop can be used to iterate over arrays',1),(520,130,'All loops must have a break statement',0),(521,131,'To comment code',0),(522,131,'To declare functions',0),(523,131,'To include libraries',0),(524,131,'To define constants',1),(525,132,'x int;',0),(526,132,'int x;',1),(527,132,'int x = 5;',1),(528,132,'var x int;',0),(529,133,'#include',1),(530,133,'int main()',0),(531,133,'printf',0),(532,133,'return 0;',0),(533,134,'Arrays can change size dynamically',0),(534,134,'Arrays can only hold one type of data',1),(535,134,'Arrays are always initialized to zero',0),(536,134,'Arrays can be multi-dimensional',1),(537,135,'loop',0),(538,135,'if-else',1),(539,135,'switch',1),(540,135,'goto',1),(541,136,'C does not have built-in exception handling',1),(542,136,'C uses try/catch for error handling',0),(543,136,'C uses the assert() function for error handling',0),(544,136,'C has a built-in error handling library',0),(545,137,'11',1),(546,137,'11',0),(547,137,'21',0),(548,137,'6',0),(549,138,'Structures can only contain integers',0),(550,138,'Structures can contain different data types',1),(551,138,'Structures are similar to arrays',0),(552,138,'Structures cannot have functions',0),(553,139,'Pointers can be incremented',1),(554,139,'Pointers must be of the same type',0),(555,139,'Null pointers can cause segmentation faults',1),(556,139,'Pointers can point to any data type',1),(557,140,'fscanf() reads from a file',1),(558,140,'fclose() closes a file',1),(559,140,'fopen() opens a file',1),(560,140,'fwrite() reads from a file',0),(561,141,'switch',1),(562,141,'if',1),(563,141,'while',0),(564,141,'for',0),(565,142,'To store integers',0),(566,142,'To define structures',0),(567,142,'To declare functions',0),(568,142,'To store memory addresses',1),(569,143,'To return the size of a variable or data type',1),(570,143,'To declare the size of an array',0),(571,143,'To count the number of elements in an array',0),(572,143,'To allocate memory',0),(573,144,'A pointer can be incremented',1),(574,144,'Pointers must be initialized before use',0),(575,144,'Pointers can point to functions',0),(576,144,'Pointers can point to any data type',0),(577,145,'fclose()',0),(578,145,'fscanf()',1),(579,145,'fwrite()',0),(580,145,'fprintf()',0),(581,146,'20',1),(582,146,'10',0),(583,146,'30',0),(584,146,'40',0),(585,147,'A function is private',0),(586,147,'A variable is local',0),(587,147,'A variable is defined in another file',1),(588,147,'A function is defined externally',1),(589,148,'constant int x;',0),(590,148,'const int x;',1),(591,148,'int const x;',1),(592,148,'int x const;',0),(593,149,'10',0),(594,149,'30',1),(595,149,'40',0),(596,149,'20',0),(597,150,'base::',0),(598,150,'parent::',1),(599,150,'this::',0),(600,150,'super::',0),(601,151,'error()',0),(602,151,'throw',1),(603,151,'try-catch',1),(604,151,'return',0),(605,152,'$_REQUEST',0),(606,152,'$_POST',1),(607,152,'$_SESSION',0),(608,152,'$_GET',0),(609,153,'<?xml?>',0),(610,153,'<php>',0),(611,153,'<?php ?>',1),(612,153,'< php ?>',0),(613,154,'$array->0',0),(614,154,'$array[\"key\"]',1),(615,154,'$array[0]',1),(616,154,'$array.key',0),(617,155,'function new() { }',0),(618,155,'function Constructor() { }',0),(619,155,'function start() { }',0),(620,155,'function __construct() { }',1),(621,156,'create class ClassName { }',0),(622,156,'define Class { }',0),(623,156,'class = ClassName { }',0),(624,156,'class ClassName { }',1),(625,157,'console.log()',0),(626,157,'print_r()',1),(627,157,'var_dump()',1),(628,157,'debug()',0),(629,158,'To define a constant',0),(630,158,'To make a class unmodifiable',0),(631,158,'To prevent a method from being overridden',1),(632,158,'To mark a class as complete',0),(633,159,'+',0),(634,159,',',0),(635,159,'&',0),(636,159,'.',1),(637,160,'$number = 5;',1),(638,160,'var $number = 5;',0),(639,160,'int $number = 5;',0),(640,160,'number = 5;',0),(641,161,'$arr = {key: \"value\"};',0),(642,161,'$arr = array(\"key\" => \"value\");',1),(643,161,'$arr = [\"key\" => \"value\"];',1),(644,161,'$arr = array(\"key\", \"value\");',0),(645,162,'7 apples',0),(646,162,'7',1),(647,162,'25',0),(648,162,'2 apples',0),(649,163,'import()',0),(650,163,'use()',0),(651,163,'require()',1),(652,163,'include()',1),(653,164,'print_line',0),(654,164,'display',0),(655,164,'system.print',0),(656,164,'echo',1),(657,165,'string',1),(658,165,'list',0),(659,165,'float',1),(660,165,'integer',1),(661,166,'assert()',1),(662,166,'try/catch',0),(663,166,'errno',1),(664,166,'exit()',1),(665,167,'malloc() returns a pointer',1),(666,167,'free() releases memory',1),(667,167,'sizeof() allocates memory',0),(668,167,'calloc() initializes memory',1),(669,168,'13',0),(670,168,'12',1),(671,168,'10',0),(672,168,'11',0),(673,169,'To create functions',0),(674,169,'To declare constants',0),(675,169,'To define new data types',1),(676,169,'To include header files',0),(677,170,'4 bytes',1),(678,170,'8 bytes',0),(679,170,'1 byte',0),(680,170,'2 bytes',0),(681,171,'ptr int;',0),(682,171,'*ptr int;',0),(683,171,'int ptr;',0),(684,171,'int *ptr;',1),(685,172,'They are used to create functions',0),(686,172,'They must have at least one member',1),(687,172,'They can contain different data types',1),(688,172,'They can only contain integers',0),(689,173,'function',0),(690,173,'while',1),(691,173,'for',1),(692,173,'if',1),(693,174,'constant int x;',0),(694,174,'const int x;',1),(695,174,'int x const;',0),(696,174,'int const x;',1),(697,175,'repeat-until',0),(698,175,'for',1),(699,175,'do-while',1),(700,175,'while',1),(701,176,'char',1),(702,176,'int',1),(703,176,'string',0),(704,176,'double',1),(705,177,'5',0),(706,177,'15',0),(707,177,'100',0),(708,177,'50',1),(709,178,'--',1),(710,178,'==',1),(711,178,'++',1),(712,178,'??',0),(713,179,'switch',1),(714,179,'if',1),(715,179,'while',0),(716,179,'for',0),(717,180,'Returning from a function',0),(718,180,'Declaring variables',0),(719,180,'Using uninitialized variables',1),(720,180,'Dereferencing a null pointer',1),(721,181,'Hello',0),(722,181,'World',0),(723,181,'Hello World',1),(724,181,'Error',0),(725,182,'int[3] arr = {1, 2, 3};',0),(726,182,'int arr[3] = {1, 2, 3};',1),(727,182,'arr int[3] = {1, 2, 3};',0),(728,182,'int arr = {1, 2, 3};',0),(729,183,'3.0',0),(730,183,'10/3',0),(731,183,'3.33',0),(732,183,'3',1),(733,184,'findElement()',0),(734,184,'querySelector()',1),(735,184,'getElementById()',1),(736,184,'getElementsByClassName()',1),(737,185,'alert()',1),(738,185,'msg()',0),(739,185,'alertbox()',0),(740,185,'message()',0),(741,186,'align-items',0),(742,186,'padding',1),(743,186,'text-align',1),(744,186,'margin',1),(745,187,'<a>',1),(746,187,'<link>',0),(747,187,'<nav>',0),(748,187,'<connect>',0),(749,188,'href',1),(750,188,'alt',0),(751,188,'src',0),(752,188,'title',0),(753,189,'absolute',0),(754,189,'fixed',1),(755,189,'static',0),(756,189,'relative',0),(757,190,'border',1),(758,190,'border-width',0),(759,190,'border-style',0),(760,190,'border-color',0),(761,191,'<script>',1),(762,191,'<code>',0),(763,191,'<js>',0),(764,191,'<javascript>',0),(765,192,'slice()',0),(766,192,'push()',0),(767,192,'shift()',0),(768,192,'pop()',1),(769,193,'Hypertext Markup Language',1),(770,193,'Home Tool Markup Language',0),(771,193,'Hypertext Management Language',0),(772,193,'Hyperlinks and Text Markup Language',0),(773,194,'const',1),(774,194,'let',0),(775,194,'constant',0),(776,194,'var',0),(777,195,'<font>',1),(778,195,'<nav>',0),(779,195,'<footer>',0),(780,195,'<article>',0),(781,196,'Embedded CSS',0),(782,196,'Inline CSS',1),(783,196,'External CSS',1),(784,196,'Internal CSS',1),(785,197,'inline-block',0),(786,197,'inline',0),(787,197,'block',1),(788,197,'flex',0),(789,198,'align-center',0),(790,198,'text-align: center',1),(791,198,'center',0),(792,198,'margin: center',0),(793,199,'<div>',0),(794,199,'<span>',0),(795,199,'<p>',1),(796,199,'<section>',0),(797,200,'Materialize',0),(798,200,'Bootstrap',1),(799,200,'Foundation',0),(800,200,'Tailwind CSS',0),(801,201,'echo \"Hello World\";',0),(802,201,'console.log(\"Hello World\");',1),(803,201,'System.out.println(\"Hello World\");',0),(804,201,'alertBox(\"Hello World\");',0),(805,202,'A',0),(806,202,'B',1),(807,202,'1',0),(808,202,'C',0),(809,203,'fread()',1),(810,203,'fopen()',1),(811,203,'fscanf()',0),(812,203,'fclose()',1),(813,204,'char',0),(814,204,'void',0),(815,204,'int',1),(816,204,'float',0),(817,205,'loop',0),(818,205,'if-else',1),(819,205,'goto',1),(820,205,'switch',1),(821,206,'Arrays must have a fixed size',1),(822,206,'Arrays can be multidimensional',1),(823,206,'Arrays can only store integers',0),(824,206,'Arrays can be of different sizes',0),(825,207,'| is used for OR',1),(826,207,'& is used for AND',1),(827,207,'^ is used for NOT',0),(828,207,'~ is used for XOR',0),(829,208,'do-while loop',1),(830,208,'for loop',1),(831,208,'foreach loop',0),(832,208,'while loop',1),(833,209,'abort()',1),(834,209,'fopen()',0),(835,209,'fprintf()',0),(836,209,'perror()',1),(837,210,'To store integers',0),(838,210,'To define structures',0),(839,210,'To declare functions',0),(840,210,'To store memory addresses',1),(841,211,'A function is private',0),(842,211,'A variable is local',0),(843,211,'A variable is defined in another file',1),(844,211,'A function is defined externally',1),(845,212,'Functions can be recursive',0),(846,212,'Functions can take multiple parameters',0),(847,212,'A function can return multiple values',1),(848,212,'Functions must have a return type',0),(849,213,'11',1),(850,213,'11',0),(851,213,'21',0),(852,213,'6',0),(853,214,'malloc()',0),(854,214,'free()',1),(855,214,'calloc()',0),(856,214,'realloc()',0),(857,215,'#include',1),(858,215,'int main()',0),(859,215,'printf',0),(860,215,'return 0;',0),(861,216,'To comment code',0),(862,216,'To declare functions',0),(863,216,'To include libraries',0),(864,216,'To define constants',1),(865,217,'20',1),(866,217,'10',0),(867,217,'30',0),(868,217,'40',0),(869,218,'To define classes',0),(870,218,'To import namespaces',1),(871,218,'To define namespaces',0),(872,218,'To include external libraries',0),(873,219,'internal',0),(874,219,'protected',1),(875,219,'private',0),(876,219,'public',0),(877,220,'Packing an array into a collection',0),(878,220,'Converting a value type to a reference type',1),(879,220,'Converting a string to an integer',0),(880,220,'Converting a reference type to a value type',0),(881,221,'The method cannot return a value.',0),(882,221,'The method is shared by all instances of the class.',1),(883,221,'The method cannot be overridden.',0),(884,221,'The method can only be called from an instance of the class.',0),(885,222,'FileStream',0),(886,222,'Path',0),(887,222,'StreamReader',0),(888,222,'File',1),(889,223,'To repeat a loop indefinitely',0),(890,223,'To lock a method for single-thread access',0),(891,223,'To stop code execution',0),(892,223,'To indicate a method will run asynchronously',1),(893,224,'1',1),(894,224,'1.5',0),(895,224,'2',0),(896,224,'3',0),(897,225,'Struct',1),(898,225,'Enum',0),(899,225,'Class',1),(900,225,'Delegate',0),(901,226,'bool',0),(902,226,'string',1),(903,226,'int',0),(904,226,'decimal',0),(905,227,'string',1),(906,227,'Array',1),(907,227,'int',0),(908,227,'object',1),(909,228,'To throw an exception',0),(910,228,'To execute code regardless of whether an exception occurs',1),(911,228,'To execute code only if an exception occurs',0),(912,228,'To handle the exception',0),(913,229,':',1),(914,229,'extends',0),(915,229,'base',0),(916,229,'inherit',0),(917,230,'Console.Read()',0),(918,230,'Console.ReadKey()',0),(919,230,'Console.Input()',0),(920,230,'Console.ReadLine()',1),(921,231,'true',0),(922,231,'false',1),(923,231,'null',0),(924,231,'0',0),(925,232,'struct',0),(926,232,'interface',1),(927,232,'abstract',0),(928,232,'class',0),(929,233,'It supports method overriding',1),(930,233,'Interfaces are not related to polymorphism',0),(931,233,'It allows a method to have different implementations',1),(932,233,'It is used to create abstract methods',1),(933,234,'default',0),(934,234,'internal',1),(935,234,'public',1),(936,234,'protected',1),(937,235,'Exits the loop',1),(938,235,'Stops the entire program',0),(939,235,'Skips the current iteration',0),(940,235,'Restarts the loop',0),(941,236,'array int[10];',0),(942,236,'arr int[10];',0),(943,236,'array[10] int;',0),(944,236,'int arr[10];',1),(945,237,'--',1),(946,237,'==',1),(947,237,'??',0),(948,237,'&&',1),(949,238,'func() void;',0),(950,238,'function void();',0),(951,238,'void func();',1),(952,238,'void:func();',0),(953,239,'To comment code',0),(954,239,'To declare functions',0),(955,239,'To include libraries',0),(956,239,'To define constants',1),(957,240,'int[3] arr = {1, 2, 3};',0),(958,240,'int arr[3] = {1, 2, 3};',1),(959,240,'arr int[3] = {1, 2, 3};',0),(960,240,'int arr = {1, 2, 3};',0),(961,241,'Fixed size',1),(962,241,'Can store elements of different types',0),(963,241,'Contiguous memory allocation',1),(964,241,'Indexed starting at 0',1),(965,242,'myFunction void();',0),(966,242,'void: myFunction();',0),(967,242,'myFunction();',0),(968,242,'void myFunction();',1),(969,243,'Hello',0),(970,243,'World',0),(971,243,'Hello World',1),(972,243,'Error',0),(973,244,'Arrays can change size dynamically',0),(974,244,'Arrays can only hold one type of data',1),(975,244,'Arrays are always initialized to zero',0),(976,244,'Arrays can be multi-dimensional',1),(977,245,'while',0),(978,245,'do-while',1),(979,245,'None',0),(980,245,'for',0),(981,246,'Compilation error',0),(982,246,'10',0),(983,246,'15',0),(984,246,'5',1),(985,247,'struct Person { int age; char name[50]; };',1),(986,247,'struct Person { int age; };',1),(987,247,'struct Person { age int; name char[50]; };',0),(988,247,'struct Person { char name; };',0),(989,248,'To return the size of a variable or data type',1),(990,248,'To declare the size of an array',0),(991,248,'To count the number of elements in an array',0),(992,248,'To allocate memory',0),(993,249,'getchar()',1),(994,249,'gets()',0),(995,249,'putchar()',0),(996,249,'scanf()',0),(997,250,'| is used for OR',1),(998,250,'& is used for AND',1),(999,250,'^ is used for NOT',0),(1000,250,'~ is used for XOR',0),(1001,251,'To handle data and business logic',1),(1002,251,'To control user input',0),(1003,251,'To display data',0),(1004,251,'To route requests',0),(1005,252,'GoToAction()',0),(1006,252,'RedirectToAction()',1),(1007,252,'MoveToAction()',0),(1008,252,'RedirectToPage()',0),(1009,253,'To share data between requests',1),(1010,253,'To store session data',0),(1011,253,'To store data long-term',0),(1012,253,'To store client-side data',0),(1013,254,'Auth',0),(1014,254,'AllowAnonymous',0),(1015,254,'Authentication',0),(1016,254,'Authorize',1),(1017,255,'Show()',0),(1018,255,'View()',1),(1019,255,'Render()',0),(1020,255,'Display()',0),(1021,256,'.cshtml',1),(1022,256,'.html',0),(1023,256,'.aspx',0),(1024,256,'.razor',0),(1025,257,'To handle exceptions',0),(1026,257,'To store temporary data between controller and view',1),(1027,257,'To display logs',0),(1028,257,'To store strongly-typed data',0),(1029,258,'Display the user interface',0),(1030,258,'Coordinate requests between View and Model',1),(1031,258,'Manage business logic',0),(1032,258,'Store data',0),(1033,259,'Manage Controller properties',0),(1034,259,'Store data from the View',0),(1035,259,'Define the result returned by an action',1),(1036,259,'Connect to the database',0),(1037,260,'WebConfig',0),(1038,260,'Router',0),(1039,260,'RouteConfig',1),(1040,260,'RouteHandler',0),(1041,261,'[OutputCache]',0),(1042,261,'[ValidateInput]',0),(1043,261,'[Authorize]',0),(1044,261,'[ValidateAntiForgeryToken]',1),(1045,262,'return File(data);',0),(1046,262,'return View(data);',0),(1047,262,'return Redirect(data);',0),(1048,262,'return Json(data, JsonRequestBehavior.AllowGet);',1),(1049,263,'Web.config',0),(1050,263,'RouteConfig',1),(1051,263,'App.config',0),(1052,263,'Startup.cs',0),(1053,264,'A templating engine',1),(1054,264,'A UI design tool',0),(1055,264,'A database engine',0),(1056,264,'A testing framework',0),(1057,265,'Renders a partial view',0),(1058,265,'Creates a hyperlink',1),(1059,265,'Renders a form',0),(1060,265,'Displays data',0),(1061,266,'JsonResult',0),(1062,266,'FileResult',0),(1063,266,'PageResult',1),(1064,266,'ViewResult',0),(1065,267,'A pointer can be incremented',1),(1066,267,'Pointers must be initialized before use',0),(1067,267,'Pointers can point to functions',0),(1068,267,'Pointers can point to any data type',0),(1069,268,'Functions can be recursive',0),(1070,268,'Functions can take multiple parameters',0),(1071,268,'A function can return multiple values',1),(1072,268,'Functions must have a return type',0),(1073,269,'return',0),(1074,269,'break',1),(1075,269,'goto',1),(1076,269,'continue',1),(1077,270,'Allocating stack memory',0),(1078,270,'Freeing memory correctly',0),(1079,270,'Using automatic variables',0),(1080,270,'Not freeing dynamically allocated memory',1),(1081,271,'5',0),(1082,271,'4',0),(1083,271,'1',0),(1084,271,'2',1),(1085,272,'To define a function',0),(1086,272,'To exit the program',0),(1087,272,'To create a loop',0),(1088,272,'To return a value to the caller',1),(1089,273,'constant int x;',0),(1090,273,'const int x;',1),(1091,273,'int x const;',0),(1092,273,'int const x;',1),(1093,274,'#include <stdio.h>',1),(1094,274,'#include \'stdio.h\'',0),(1095,274,'#include (stdio.h)',0),(1096,274,'#include [stdio.h]',0),(1097,275,'char',0),(1098,275,'void',0),(1099,275,'int',1),(1100,275,'float',0),(1101,276,'Structures can only contain integers',0),(1102,276,'Structures can contain different data types',1),(1103,276,'Structures are similar to arrays',0),(1104,276,'Structures cannot have functions',0),(1105,277,'11',1),(1106,277,'11',0),(1107,277,'21',0),(1108,277,'6',0),(1109,278,'10',0),(1110,278,'30',1),(1111,278,'40',0),(1112,278,'20',0),(1113,279,'C does not have built-in exception handling',1),(1114,279,'C uses try/catch for error handling',0),(1115,279,'C uses the assert() function for error handling',0),(1116,279,'C has a built-in error handling library',0),(1117,280,'Error',0),(1118,280,'3',1),(1119,280,'5',0),(1120,280,'3.33',0),(1121,281,'Arrays must have a fixed size',1),(1122,281,'Arrays can be multidimensional',1),(1123,281,'Arrays can only store integers',0),(1124,281,'Arrays can be of different sizes',0),(1125,282,'ptr int;',0),(1126,282,'*ptr int;',0),(1127,282,'int ptr;',0),(1128,282,'int *ptr;',1),(1129,283,'--',1),(1130,283,'++',1),(1131,283,'??',0),(1132,283,'&&',1),(1133,284,'boolean',0),(1134,284,'float',0),(1135,284,'String',1),(1136,284,'int',0),(1137,285,'To read data from a file',0),(1138,285,'To write data to a file',0),(1139,285,'To print data to the console',1),(1140,285,'To execute the Java program',0),(1141,286,'Does not execute at all',0),(1142,286,'Executes when an exception is thrown',0),(1143,286,'Executes only if no exception is thrown',0),(1144,286,'Always executes regardless of an exception',1),(1145,287,'Samsung',0),(1146,287,'Sun Microsystems',1),(1147,287,'Apple',0),(1148,287,'OpenAI',0),(1149,288,'Constructors can be overloaded.',1),(1150,288,'Constructors can have a return type.',0),(1151,288,'Constructors are called when an object is created.',1),(1152,288,'Constructors must always be public.',0),(1153,289,'instance',0),(1154,289,'new',1),(1155,289,'object',0),(1156,289,'class',0),(1157,290,'create',0),(1158,290,'instance',0),(1159,290,'new',1),(1160,290,'object',0),(1161,291,'Program runs normally',0),(1162,291,'Compile-time error',0),(1163,291,'Runtime error',1),(1164,291,'Nothing happens',0),(1165,292,'8 bits',0),(1166,292,'16 bits',0),(1167,292,'32 bits',1),(1168,292,'64 bits',0),(1169,293,'String',0),(1170,293,'int',1),(1171,293,'double',0),(1172,293,'long',0),(1173,294,'extends',1),(1174,294,'super',0),(1175,294,'implement',0),(1176,294,'inherit',0),(1177,295,'private',0),(1178,295,'static',0),(1179,295,'main',1),(1180,295,'void',0),(1181,296,'default',1),(1182,296,'public',0),(1183,296,'private',0),(1184,296,'protected',0),(1185,297,'IOException',0),(1186,297,'ArithmeticException',1),(1187,297,'NullPointerException',0),(1188,297,'ArrayIndexOutOfBoundsException',0),(1189,298,'false',1),(1190,298,'0',0),(1191,298,'null',0),(1192,298,'true',0),(1193,299,'References of objects',1),(1194,299,'None of the above',0),(1195,299,'Both A and B',0),(1196,299,'Values of objects',0),(1197,300,'isFinite()',0),(1198,300,'checkNum()',0),(1199,300,'isNaN()',1),(1200,300,'isNumber()',0),(1201,301,'object',1),(1202,301,'undefined',0),(1203,301,'string',0),(1204,301,'null',0),(1205,302,'font-size',1),(1206,302,'font-height',0),(1207,302,'text-size',0),(1208,302,'font-weight',0),(1209,303,'Number',1),(1210,303,'Boolean',1),(1211,303,'Object',0),(1212,303,'String',1),(1213,304,'Creates a list',0),(1214,304,'Creates a new paragraph',0),(1215,304,'Inserts a blank line',0),(1216,304,'Breaks a line',1),(1217,305,'<div>',1),(1218,305,'<a>',0),(1219,305,'<span>',0),(1220,305,'<b>',0),(1221,306,'<script>',1),(1222,306,'<js>',0),(1223,306,'<code>',0),(1224,306,'<javascript>',0),(1225,307,'<!-- Comment -->',0),(1226,307,'/* Comment */',0),(1227,307,'// Comment',1),(1228,307,'# Comment',0),(1229,308,'slice()',0),(1230,308,'push()',0),(1231,308,'shift()',0),(1232,308,'pop()',1),(1233,309,'color',0),(1234,309,'background-color',1),(1235,309,'border-color',0),(1236,309,'font-color',0),(1237,310,'<stylesheet>',0),(1238,310,'<css>',0),(1239,310,'<link href=\"styles.css\" rel=\"stylesheet\">',1),(1240,310,'<style src=\"styles.css\">',0),(1241,311,'<center>',0),(1242,311,'<article>',1),(1243,311,'<header>',1),(1244,311,'<footer>',1),(1245,312,'border',1),(1246,312,'border-width',0),(1247,312,'border-style',0),(1248,312,'border-color',0),(1249,313,'onchange',0),(1250,313,'mouseover',0),(1251,313,'onclick',1),(1252,313,'keydown',0),(1253,314,'font-style',0),(1254,314,'font-weight',0),(1255,314,'text-transform',0),(1256,314,'font-family',1),(1257,315,'align-items',0),(1258,315,'margin',1),(1259,315,'text-align',1),(1260,315,'padding',1),(1261,316,'constant int x;',0),(1262,316,'const int x;',1),(1263,316,'int const x;',1),(1264,316,'int x const;',0),(1265,317,'%d',1),(1266,317,'%c',0),(1267,317,'%k',0),(1268,317,'%f',0),(1269,318,'Access denied',0),(1270,318,'Data saved',1),(1271,318,'Error opening file',0),(1272,318,'Data not found',0),(1273,319,'#include',1),(1274,319,'#endif',0),(1275,319,'#define',0),(1276,319,'#ifdef',0),(1277,320,'To allocate memory dynamically',1),(1278,320,'To resize an array',0),(1279,320,'To free memory',0),(1280,320,'To allocate stack memory',0),(1281,321,'To return the size of a variable or data type',1),(1282,321,'To declare the size of an array',0),(1283,321,'To count the number of elements in an array',0),(1284,321,'To allocate memory',0),(1285,322,'A',0),(1286,322,'B',1),(1287,322,'1',0),(1288,322,'C',0),(1289,323,'->',0),(1290,323,'%',0),(1291,323,'*',1),(1292,323,'&',0),(1293,324,'int arr[10];',1),(1294,324,'int[10] arr;',0),(1295,324,'int array arr[10];',0),(1296,324,'int arr(10);',0),(1297,325,'myFunction void();',0),(1298,325,'void: myFunction();',0),(1299,325,'myFunction();',0),(1300,325,'void myFunction();',1),(1301,326,'x int;',0),(1302,326,'int x;',1),(1303,326,'int x = 5;',1),(1304,326,'var x int;',0),(1305,327,'switch',1),(1306,327,'if',1),(1307,327,'while',0),(1308,327,'for',0),(1309,328,'struct Person { int age; char name[50]; };',1),(1310,328,'struct Person { int age; };',1),(1311,328,'struct Person { age int; name char[50]; };',0),(1312,328,'struct Person { char name; };',0),(1313,329,'#include',1),(1314,329,'int main()',0),(1315,329,'printf',0),(1316,329,'return 0;',0),(1317,330,'13',0),(1318,330,'12',1),(1319,330,'10',0),(1320,330,'11',0),(1321,331,'5',0),(1322,331,'15',0),(1323,331,'100',0),(1324,331,'50',1),(1325,332,'function',0),(1326,332,'while',1),(1327,332,'for',1),(1328,332,'if',1),(1329,333,'A full function definition',0),(1330,333,'A type of variable',0),(1331,333,'Declaration of a function',1),(1332,333,'A comment in code',0),(1333,334,'They are used to create functions',0),(1334,334,'They must have at least one member',1),(1335,334,'They can contain different data types',1),(1336,334,'They can only contain integers',0),(1337,335,'loop',0),(1338,335,'if-else',1),(1339,335,'goto',1),(1340,335,'switch',1),(1341,336,'malloc()',1),(1342,336,'sizeof()',0),(1343,336,'calloc()',1),(1344,336,'free()',0),(1345,337,'do-while loop',1),(1346,337,'for loop',1),(1347,337,'foreach loop',0),(1348,337,'while loop',1),(1349,338,'| is used for OR',1),(1350,338,'& is used for AND',1),(1351,338,'^ is used for NOT',0),(1352,338,'~ is used for XOR',0),(1353,339,'20',1),(1354,339,'10',0),(1355,339,'30',0),(1356,339,'40',0),(1357,340,'#include',1),(1358,340,'#endif',0),(1359,340,'#define',0),(1360,340,'#ifdef',0),(1361,341,'fclose()',0),(1362,341,'fscanf()',1),(1363,341,'fwrite()',0),(1364,341,'fprintf()',0),(1365,342,'13',0),(1366,342,'12',1),(1367,342,'10',0),(1368,342,'11',0),(1369,343,'To comment code',0),(1370,343,'To declare functions',0),(1371,343,'To include libraries',0),(1372,343,'To define constants',1),(1373,344,'Hello, World!',0),(1374,344,'\'Hello, World!\'',0),(1375,344,'[Hello, World!]',0),(1376,344,'\"Hello, World!\"',1),(1377,345,'A while loop is guaranteed to run at least once',0),(1378,345,'do-while loops cannot be nested',0),(1379,345,'A for loop can be used to iterate over arrays',1),(1380,345,'All loops must have a break statement',0),(1381,346,'fopen()',1),(1382,346,'fscanf()',0),(1383,346,'fread()',1),(1384,346,'fclose()',1),(1385,347,'scanf()',0),(1386,347,'printf()',0),(1387,347,'malloc()',1),(1388,347,'free()',0),(1389,NULL,'<li>',1),(1390,NULL,'<ol>',1),(1391,NULL,'<list>',0),(1392,NULL,'<ul>',1),(1393,NULL,'Embedded CSS',0),(1394,NULL,'Inline CSS',1),(1395,NULL,'External CSS',1),(1396,NULL,'Internal CSS',1),(1397,NULL,'define',0),(1398,NULL,'const',1),(1399,NULL,'let',0),(1400,NULL,'var',0),(1401,NULL,'border',1),(1402,NULL,'border-width',0),(1403,NULL,'border-style',0),(1404,NULL,'border-color',0),(1405,NULL,'<div>',1),(1406,NULL,'<a>',0),(1407,NULL,'<b>',0),(1408,NULL,'<span>',0),(1409,NULL,'Adding metadata',1),(1410,NULL,'Displaying images',0),(1411,NULL,'Embedding videos',0),(1412,NULL,'Creating text blocks',0),(1413,NULL,'slice()',0),(1414,NULL,'push()',0),(1415,NULL,'shift()',0),(1416,NULL,'pop()',1),(1417,NULL,'align-center',0),(1418,NULL,'text-align: center',1),(1419,NULL,'center',0),(1420,NULL,'margin: center',0),(1421,NULL,'font-size',1),(1422,NULL,'font-height',0),(1423,NULL,'text-size',0),(1424,NULL,'font-weight',0),(1425,NULL,'echo \"Hello World\";',0),(1426,NULL,'console.log(\"Hello World\");',1),(1427,NULL,'System.out.println(\"Hello World\");',0),(1428,NULL,'alertBox(\"Hello World\");',0),(1429,NULL,'font-style',0),(1430,NULL,'font-weight',0),(1431,NULL,'text-transform',0),(1432,NULL,'font-family',1),(1433,NULL,'Main content',0),(1434,NULL,'Metadata information',1),(1435,NULL,'Footer',0),(1436,NULL,'Comments',0),(1437,NULL,'const',1),(1438,NULL,'let',0),(1439,NULL,'constant',0),(1440,NULL,'var',0),(1441,361,'return',0),(1442,361,'break',1),(1443,361,'goto',1),(1444,361,'continue',1),(1445,362,'Fixed size',1),(1446,362,'Can store elements of different types',0),(1447,362,'Contiguous memory allocation',1),(1448,362,'Indexed starting at 0',1),(1449,363,'Main content',0),(1450,363,'Metadata information',1),(1451,363,'Footer',0),(1452,363,'Comments',0),(1453,364,'font-style',0),(1454,364,'font-weight',0),(1455,364,'text-transform',0),(1456,364,'font-family',1),(1457,365,'echo \"Hello World\";',0),(1458,365,'console.log(\"Hello World\");',1),(1459,365,'System.out.println(\"Hello World\");',0),(1460,365,'alertBox(\"Hello World\");',0),(1461,366,'font-size',1),(1462,366,'font-height',0),(1463,366,'text-size',0),(1464,366,'font-weight',0),(1465,367,'align-center',0),(1466,367,'text-align: center',1),(1467,367,'center',0),(1468,367,'margin: center',0),(1469,368,'slice()',0),(1470,368,'push()',0),(1471,368,'shift()',0),(1472,368,'pop()',1),(1473,369,'define',0),(1474,369,'const',1),(1475,369,'let',0),(1476,369,'var',0),(1477,370,'Embedded CSS',0),(1478,370,'Inline CSS',1),(1479,370,'External CSS',1),(1480,370,'Internal CSS',1),(1481,371,'<li>',1),(1482,371,'<ol>',1),(1483,371,'<list>',0),(1484,371,'<ul>',1),(1485,372,'Number',1),(1486,372,'Boolean',1),(1487,372,'Object',0),(1488,372,'String',1),(1489,373,'querySelector()',1),(1490,373,'findElement()',0),(1491,373,'getElementById()',1),(1492,373,'getElementsByClassName()',1),(1493,374,'align-items',0),(1494,374,'text-align',1),(1495,374,'padding',1),(1496,374,'margin',1),(1497,375,'filter()',1),(1498,375,'loop()',0),(1499,375,'map()',1),(1500,375,'forEach()',1),(1501,376,'block',0),(1502,376,'grid',0),(1503,376,'flex',1),(1504,376,'inline-flex',1),(1505,377,'border-color',1),(1506,377,'font-color',0),(1507,377,'background-color',1),(1508,377,'color',1),(1509,378,'int',0),(1510,378,'decimal',0),(1511,378,'string',1),(1512,378,'bool',0),(1513,379,'3',0),(1514,379,'1',1),(1515,379,'2',0),(1516,379,'1.5',0),(1517,380,'To execute code only if an exception occurs',0),(1518,380,'To execute code regardless of whether an exception occurs',1),(1519,380,'To handle the exception',0),(1520,380,'To throw an exception',0),(1521,381,'byte',0),(1522,381,'bool',0),(1523,381,'char',1),(1524,381,'string',0),(1525,382,'class',0),(1526,382,'abstract',0),(1527,382,'interface',1),(1528,382,'struct',0),(1529,383,'FileStream',0),(1530,383,'File',1),(1531,383,'Path',0),(1532,383,'StreamReader',0),(1533,384,'Hierarchical',0),(1534,384,'Multilevel',0),(1535,384,'Single',0),(1536,384,'Multiple',1),(1537,385,'object',1),(1538,385,'string',1),(1539,385,'Array',1),(1540,385,'int',0),(1541,386,'Abstract methods must be implemented in derived classes',1),(1542,386,'It can be applied to classes',1),(1543,386,'It can be applied to methods',1),(1544,386,'Abstract classes can be instantiated',0),(1545,387,'Class',1),(1546,387,'Delegate',0),(1547,387,'Struct',1),(1548,387,'Enum',0),(1549,388,'Automates garbage collection',0),(1550,388,'Compiles the code in parallel',0),(1551,388,'Optimizes the code for speed',0),(1552,388,'Prevents concurrent access to a block of code',1),(1553,389,'yield()',0),(1554,389,'wait()',0),(1555,389,'sleep()',1),(1556,389,'pause()',0),(1557,390,'The interface is for file operations.',0),(1558,390,'The interface must have exactly one abstract method.',1),(1559,390,'The interface cannot have any methods.',0),(1560,390,'The interface supports polymorphism.',0),(1561,391,'Enhancing graphical user interfaces.',0),(1562,391,'Inspecting and manipulating classes, fields, and methods at runtime.',1),(1563,391,'Modifying class files directly.',0),(1564,391,'Optimizing runtime performance.',0),(1565,392,'Socket',0),(1566,392,'ServerSocket',0),(1567,392,'SSLSocket',1),(1568,392,'SecureConnection',0),(1569,393,'insert()',0),(1570,393,'add()',0),(1571,393,'put()',1),(1572,393,'append()',0),(1573,394,'The list is cleared.',0),(1574,394,'The list is reversed.',0),(1575,394,'The list is converted to a set.',0),(1576,394,'The list is sorted in ascending order.',1),(1577,395,'start()',1),(1578,395,'execute()',0),(1579,395,'run()',1),(1580,395,'yield()',1),(1581,396,'ExecutorService',1),(1582,396,'Callable',1),(1583,396,'Runnable',0),(1584,396,'Future',1),(1585,397,'Storage management',0),(1586,397,'Parallel execution',1),(1587,397,'Simplified data processing',1),(1588,397,'Immutable data structures',0),(1629,408,'11',0),(1630,408,'13',0),(1631,408,'10',0),(1632,408,'12',1),(1633,409,'%k',0),(1634,409,'%a',0),(1635,409,'%s',0),(1636,409,'%d',1),(1637,410,'free()',0),(1638,410,'scanf()',0),(1639,410,'printf()',0),(1640,410,'malloc()',1),(1641,411,'3.33',0),(1642,411,'Error',0),(1643,411,'4',0),(1644,411,'3',1),(1645,412,'*',1),(1646,412,'&',0),(1647,412,'%',0),(1648,412,'->',0),(1649,413,'putchar()',0),(1650,413,'scanf()',0),(1651,413,'getchar()',1),(1652,413,'gets()',0),(1653,414,'int[10] arr;',0),(1654,414,'int arr(10);',0),(1655,414,'int arr[10];',1),(1656,414,'int array arr[10];',0),(1657,415,'Division',0),(1658,415,'Multiplication',0),(1659,415,'Subtraction',0),(1660,415,'Modulus (remainder)',1),(1661,416,'void:func();',0),(1662,416,'func() void;',0),(1663,416,'void func();',1),(1664,416,'function void();',0),(1665,417,'1',0),(1666,417,'5',0),(1667,417,'3',1),(1668,417,'2',1),(1797,450,'Error opening file',0),(1798,450,'Data saved',1),(1799,450,'Data not found',0),(1800,450,'Access denied',0),(1801,451,'loop',0),(1802,451,'switch',1),(1803,451,'if-else',1),(1804,451,'goto',1),(1805,452,'Null pointers can cause segmentation faults',1),(1806,452,'Pointers must be of the same type',0),(1807,452,'Pointers can be incremented',1),(1808,452,'Pointers can point to any data type',1),(1809,453,'struct Person { int age; char name[50]; };',1),(1810,453,'struct Person { int age; };',1),(1811,453,'struct Person { age int; name char[50]; };',0),(1812,453,'struct Person { char name; };',0),(1813,454,'Arrays can change size dynamically',0),(1814,454,'Arrays can be multi-dimensional',1),(1815,454,'Arrays can only hold one type of data',1),(1816,454,'Arrays are always initialized to zero',0),(1817,455,'str_eq()',0),(1818,455,'string_compare()',0),(1819,455,'strcomp()',0),(1820,455,'strcmp()',1),(1821,456,'Structures are similar to arrays',0),(1822,456,'Structures can contain different data types',1),(1823,456,'Structures can only contain integers',0),(1824,456,'Structures cannot have functions',0),(1825,457,'To execute the code',0),(1826,457,'To link libraries',0),(1827,457,'To compile the code',0),(1828,457,'To process directives before compilation',1),(1829,458,'They cannot be NULL',0),(1830,458,'They can only point to integers',0),(1831,458,'They are used to create new variables',0),(1832,458,'They store the address of a variable',1),(1833,459,'float',0),(1834,459,'char',0),(1835,459,'int',1),(1836,459,'void',0),(1837,460,'#include',1),(1838,460,'int main()',0),(1839,460,'return 0;',0),(1840,460,'printf',0),(1841,461,'arr int[3] = {1, 2, 3};',0),(1842,461,'int arr = {1, 2, 3};',0),(1843,461,'int[3] arr = {1, 2, 3};',0),(1844,461,'int arr[3] = {1, 2, 3};',1),(1845,462,'C has a built-in error handling library',0),(1846,462,'C does not have built-in exception handling',1),(1847,462,'C uses the assert() function for error handling',0),(1848,462,'C uses try/catch for error handling',0),(1849,463,'*',1),(1850,463,'&',0),(1851,463,'%',0),(1852,463,'->',0),(1853,464,'The size of the data type or variable in bytes',1),(1854,464,'The memory address',0),(1855,464,'The value of the variable',0),(1856,464,'The number of elements in an array',0),(1857,465,'Pointers support',1),(1858,465,'Platform independence',0),(1859,465,'Procedural programming',1),(1860,465,'Object-oriented programming',0),(1861,466,'Easier debugging',0),(1862,466,'Faster compilation',0),(1863,466,'Type safety',1),(1864,466,'Code reusability',1),(1865,467,'It is used for low-level file and stream I/O.',0),(1866,467,'It is unrelated to network operations.',0),(1867,467,'It provides non-blocking I/O operations.',1),(1868,467,'It supports only blocking I/O operations.',0),(1869,468,'public methodName<T>(T parameter)',0),(1870,468,'public void <T> methodName(T parameter)',0),(1871,468,'public T methodName(T parameter)',0),(1872,468,'public <T> void methodName(T parameter)',1),(1873,469,'It makes the code thread-unsafe',0),(1874,469,'It improves code readability.',0),(1875,469,'It is used for error handling.',0),(1876,469,'It ensures a variable is read directly from memory.',1),(1877,470,'Creating user interfaces',0),(1878,470,'Managing database connections',0),(1879,470,'Scheduling tasks in a thread pool',1),(1880,470,'Handling file I/O operations',0),(1881,471,'The list is cleared.',0),(1882,471,'The list is reversed.',0),(1883,471,'The list is converted to a set.',0),(1884,471,'The list is sorted in ascending order.',1),(1885,472,'Callable runs code in a separate process.',0),(1886,472,'Callable is used only for UI programming.',0),(1887,472,'Callable can return a result and throw exceptions.',1),(1888,472,'Callable runs synchronously only.',0),(1889,473,'Streams are mutable data structures.',0),(1890,473,'Streams can be processed in parallel.',1),(1891,473,'Streams do not support functional operations.',0),(1892,473,'Streams store data permanently.',0),(1893,474,'Java Database Controller',0),(1894,474,'Java Data Connectivity',0),(1895,474,'Java Database Connectivity',1),(1896,474,'Java Data Compiler',0),(1897,475,'yield()',0),(1898,475,'wait()',0),(1899,475,'sleep()',1),(1900,475,'pause()',0),(1901,476,'Debugging is easier.',0),(1902,476,'The code is faster.',0),(1903,476,'The code runs asynchronously.',0),(1904,476,'The resource is closed after the try block is executed.',1),(1905,477,'Automates garbage collection',0),(1906,477,'Compiles the code in parallel',0),(1907,477,'Optimizes the code for speed',0),(1908,477,'Prevents concurrent access to a block of code',1),(1909,478,'Storage management',0),(1910,478,'Parallel execution',1),(1911,478,'Simplified data processing',1),(1912,478,'Immutable data structures',0),(1913,479,'java.lang',0),(1914,479,'java.text',0),(1915,479,'java.io',0),(1916,479,'java.util',1),(1917,480,'ExecutorService',1),(1918,480,'Callable',1),(1919,480,'Runnable',0),(1920,480,'Future',1),(1921,481,'LinkedList',0),(1922,481,'ArrayList',0),(1923,481,'HashMap',0),(1924,481,'Vector',1),(1925,482,'Java 6',0),(1926,482,'Java 9',0),(1927,482,'Java 7',0),(1928,482,'Java 8',1);
/*!40000 ALTER TABLE `t_answer_record` ENABLE KEYS */;
UNLOCK TABLES;

--
-- Table structure for table `t_chapter`
--

DROP TABLE IF EXISTS `t_chapter`;
/*!40101 SET @saved_cs_client     = @@character_set_client */;
/*!50503 SET character_set_client = utf8mb4 */;
CREATE TABLE `t_chapter` (
  `chaper_id` int NOT NULL AUTO_INCREMENT,
  `name` varchar(100) NOT NULL,
  `status` int NOT NULL,
  `subject_id` int DEFAULT NULL,
  PRIMARY KEY (`chaper_id`),
  KEY `FKgft4smm48x8h0eycrmudduv3r` (`subject_id`),
  CONSTRAINT `FKgft4smm48x8h0eycrmudduv3r` FOREIGN KEY (`subject_id`) REFERENCES `t_subject` (`subject_id`)
) ENGINE=InnoDB AUTO_INCREMENT=158 DEFAULT CHARSET=utf8mb4 COLLATE=utf8mb4_0900_ai_ci;
/*!40101 SET character_set_client = @saved_cs_client */;

--
-- Dumping data for table `t_chapter`
--

LOCK TABLES `t_chapter` WRITE;
/*!40000 ALTER TABLE `t_chapter` DISABLE KEYS */;
INSERT INTO `t_chapter` VALUES (1,'Introduction to C',1,1),(2,'Data Types and Variables',1,1),(3,'Operators and Expressions',1,1),(4,'Control Structures',1,1),(5,'Functions',1,1),(6,'Arrays and Strings',1,1),(7,'Pointers and Memory Management',1,1),(8,'Structures and Unions',1,1),(9,'File Input/Output',1,1),(10,'Preprocessor Directives',1,1),(11,'Dynamic Memory Allocation',1,1),(12,'Error Handling',1,1),(13,'Introduction to PHP',1,6),(14,'Basic PHP Syntax',1,6),(15,'Conditional Statements and Loops',1,6),(16,'Functions in PHP',1,6),(17,'Arrays in PHP',1,6),(18,'Session and Cookie Management',1,6),(19,'OOP',1,6),(20,'tesst',0,6),(21,'aaaa',0,6),(22,'bbbbbbb',0,6),(23,'ccccccccc',0,6),(24,'Introduction to SQL',1,5),(25,'Basic SQL Commands',1,5),(26,'SQL Functions',1,5),(27,'Joins in SQL',1,5),(28,'Subqueries and Nested Queries',1,5),(29,'Aggregate Functions and Grouping',1,5),(30,'Data Definition Language (DDL)',1,5),(31,'Constraints in SQL',1,5),(32,'Views in SQL',1,5),(33,'Indexes in SQL',1,5),(34,'Triggers in SQL',1,5),(35,'Performance Optimization',1,5),(36,'SQL Security',1,5),(37,'Introduction to HTML',1,2),(38,'Text Formatting and Semantics',1,2),(39,'Lists and Tables',1,2),(40,'Links and Navigation',1,2),(41,'Forms and Input Handling',1,2),(42,'HTML Attributes and Global Attributes',1,2),(43,'Introduction to CSS',1,2),(44,'Selectors and Combinators',1,2),(45,'Box Model',1,2),(46,'Typography and Text Styling',1,2),(47,'Positioning and Layouts',1,2),(48,'Responsive Design',1,2),(49,'CSS Frameworks Overview',1,2),(50,'Transitions and Animations',1,2),(51,'Introduction to JavaScript',1,2),(52,'Variables and Data Types',1,2),(53,'Control Structures',1,2),(54,'Functions',1,2),(55,'Objects and Arrays',1,2),(56,'DOM Manipulation',1,2),(57,'Events and Event Handling',1,2),(58,'Error Handling and Debugging',1,2),(59,'JavaScript Frameworks Overview',1,2),(60,'Introduction to C# and .NET Framework',1,10),(61,'Basic Syntax and Structure',1,10),(72,'Variables and Data Types',1,10),(73,'Operators and Expressions',1,10),(74,'Control Flow Statements',1,10),(75,'Functions and Methods',1,10),(76,'Arrays and Collections',1,10),(77,'OOP',1,10),(78,'Exception Handling',1,10),(79,'LINQ (Language-Integrated Query)',1,10),(80,'Multithreading and Asynchronous Programming',1,10),(81,'Windows Forms and WPF (Optional)',1,10),(82,'Introduction to MongoDB',1,9),(83,'Setting Up MongoDB',1,9),(84,'Understanding MongoDB Data Model',1,9),(85,'CRUD Operations',1,9),(86,'Indexes in MongoDB',1,9),(87,'Multithreading and Concurrency',1,8),(88,'Java I/O (Input/Output)',1,8),(89,'Networking in Java',1,8),(90,'Java Database Connectivity (JDBC)',1,8),(91,'Java Collections Framework',1,8),(92,'Generics and Type-Safety',1,8),(93,'Introduction to Java',1,7),(94,'Basic Structure of a Java Program',1,7),(95,'Operators in Java',1,7),(96,'Common Java API Classes',1,7),(97,'OOP',1,7),(98,'Variables and Data Types',1,7),(99,'Introduction to Node.js',1,14),(100,'Node.js Modules',1,14),(101,'File System (fs) Module',1,14),(102,'Events and Event Emitter',1,14),(103,'NPM (Node Package Manager)',1,14),(104,'Template Engines',1,14),(105,'Database Integration',1,14),(106,'Introduction to SMAC',1,13),(107,'Social Media (S)',1,13),(108,'Mobile (M)',1,13),(109,'Analytics (A)',1,13),(110,'Cloud Computing (C)',1,13),(111,'Integration of SMAC',1,13),(112,'Technological Trends in SMAC',1,13),(113,'Introduction to .NET API',1,12),(114,'Setting Up .NET Environment for API Development',1,12),(115,'Creating a RESTful API in .NET',1,12),(116,'Understanding HTTP Methods in .NET API',1,12),(117,'Model Binding and Validation in .NET API',1,12),(118,'Working with Data in .NET API',1,12),(119,'Authentication and Authorization in .NET API',1,12),(120,'Exception Handling in .NET API',1,12),(121,'Caching in .NET API',1,12),(122,'Introduction to ASP.NET MVC',1,11),(123,'Understanding the MVC Pattern',1,11),(124,'Setting Up an ASP.NET MVC Project',1,11),(125,'Routing in ASP.NET MVC',1,11),(126,'Entity Framework Integration',1,11),(127,'Middleware in ASP.NET Core MVC:',1,11),(128,'Introduction to Flutter',1,20),(129,'Setting Up the Flutter Environment',1,20),(130,'Flutter Project Structure',1,20),(131,'Widgets and the Widget Tree',1,20),(132,'Layouts in Flutter',1,20),(133,'Navigation and Routing',1,20),(134,'Flutter Plugins',1,20),(135,'Introduction to Dart',1,19),(136,'Libraries and Packages:',1,19),(137,'Introduction to Web Services',1,18),(138,'HTTP Basics',1,18),(139,'SOAP Web Services',1,18),(140,'RESTful Web Services',1,18),(141,'Data Formats',1,18),(142,'API Development',1,18),(143,'Introduction to Java EE',1,17),(144,'Java Servlets',1,17),(145,'JavaBeans',1,17),(146,'JSP',1,17),(147,'EJB',1,17),(148,'JPA',1,17),(149,'JDBC',1,17),(150,'JMS',1,17),(151,'Application Deployment',1,17),(152,'Introduction to Spring Boot',1,16),(153,'Setting Up the Spring Boot Project',1,16),(154,'Spring Boot Auto Configuration',1,16),(155,'Spring Boot Application Properties',1,16),(156,'Building RESTful APIs',1,16),(157,'Spring Boot Security',1,16);
/*!40000 ALTER TABLE `t_chapter` ENABLE KEYS */;
UNLOCK TABLES;

--
-- Table structure for table `t_class`
--

DROP TABLE IF EXISTS `t_class`;
/*!40101 SET @saved_cs_client     = @@character_set_client */;
/*!50503 SET character_set_client = utf8mb4 */;
CREATE TABLE `t_class` (
  `class_id` int NOT NULL AUTO_INCREMENT,
  `admission_date` date NOT NULL,
  `class_day` varchar(30) NOT NULL,
  `class_time` varchar(30) NOT NULL,
  `name` varchar(6) NOT NULL,
  `status` int NOT NULL,
  PRIMARY KEY (`class_id`)
) ENGINE=InnoDB AUTO_INCREMENT=4 DEFAULT CHARSET=utf8mb4 COLLATE=utf8mb4_0900_ai_ci;
/*!40101 SET character_set_client = @saved_cs_client */;

--
-- Dumping data for table `t_class`
--

LOCK TABLES `t_class` WRITE;
/*!40000 ALTER TABLE `t_class` DISABLE KEYS */;
INSERT INTO `t_class` VALUES (1,'2022-09-21','2, 4, 6','13h30 - 16h30','C2209I',1),(2,'2024-03-21','3, 5, 7','10h00 - 12h00','C2403G',1),(3,'2022-08-18','3, 5, 7','18h00 - 21h00','C2208G',0);
/*!40000 ALTER TABLE `t_class` ENABLE KEYS */;
UNLOCK TABLES;

--
-- Table structure for table `t_class_group`
--

DROP TABLE IF EXISTS `t_class_group`;
/*!40101 SET @saved_cs_client     = @@character_set_client */;
/*!50503 SET character_set_client = utf8mb4 */;
CREATE TABLE `t_class_group` (
  `class_id` int NOT NULL,
  `count` int NOT NULL,
  PRIMARY KEY (`class_id`),
  CONSTRAINT `FKqb6pp22jrcy35cmqtabea1q9l` FOREIGN KEY (`class_id`) REFERENCES `t_class` (`class_id`)
) ENGINE=InnoDB DEFAULT CHARSET=utf8mb4 COLLATE=utf8mb4_0900_ai_ci;
/*!40101 SET character_set_client = @saved_cs_client */;

--
-- Dumping data for table `t_class_group`
--

LOCK TABLES `t_class_group` WRITE;
/*!40000 ALTER TABLE `t_class_group` DISABLE KEYS */;
/*!40000 ALTER TABLE `t_class_group` ENABLE KEYS */;
UNLOCK TABLES;

--
-- Table structure for table `t_examination`
--

DROP TABLE IF EXISTS `t_examination`;
/*!40101 SET @saved_cs_client     = @@character_set_client */;
/*!50503 SET character_set_client = utf8mb4 */;
CREATE TABLE `t_examination` (
  `examination_id` int NOT NULL AUTO_INCREMENT,
  `code` varchar(30) NOT NULL,
  `duration` int NOT NULL,
  `end_time` timestamp NOT NULL DEFAULT CURRENT_TIMESTAMP,
  `name` varchar(100) NOT NULL,
  `start_time` timestamp NOT NULL DEFAULT CURRENT_TIMESTAMP,
  `status` int NOT NULL,
  `subject_id` int DEFAULT NULL,
  `max_score` double NOT NULL,
  `total_question` int NOT NULL,
  `type` int NOT NULL,
  PRIMARY KEY (`examination_id`),
  KEY `FKagite28euvxt0xd4907l8g2iv` (`subject_id`),
  CONSTRAINT `FKagite28euvxt0xd4907l8g2iv` FOREIGN KEY (`subject_id`) REFERENCES `t_subject` (`subject_id`)
) ENGINE=InnoDB AUTO_INCREMENT=46 DEFAULT CHARSET=utf8mb4 COLLATE=utf8mb4_0900_ai_ci;
/*!40101 SET character_set_client = @saved_cs_client */;

--
-- Dumping data for table `t_examination`
--

LOCK TABLES `t_examination` WRITE;
/*!40000 ALTER TABLE `t_examination` DISABLE KEYS */;
INSERT INTO `t_examination` VALUES (13,'EPC_037_2410',90,'2024-11-01 02:23:00','EPC','2024-10-31 02:23:00',2,1,16,0,0),(14,'EPC_150_2411',30,'2024-11-13 03:16:00','EPC','2024-11-04 03:16:00',2,1,18,0,0),(15,'PHP_775_2411',90,'2024-11-14 09:10:00','PHP 1','2024-11-14 07:10:00',2,6,16,0,0),(16,'EPC_278_2411',30,'2024-11-15 10:20:00','EPC','2024-11-14 10:20:00',2,1,18,0,0),(17,'HTML, CSS, JS_298_2411',30,'2024-11-17 08:53:00','Web 1','2024-11-16 05:52:00',2,2,18,0,0),(18,'EPC_015_2411',30,'2024-11-19 04:34:00','EPC','2024-11-18 04:36:00',2,1,16,0,0),(19,'AP_644_2411',30,'2024-11-22 02:50:00','C# 1','2024-11-21 14:50:00',2,10,17,0,0),(20,'EPC_242_2411',60,'2024-11-23 15:20:00','EPC Test ','2024-11-22 14:20:00',2,1,16,0,0),(21,'MVC_848_2411',30,'2024-11-22 15:42:00','MVC 1','2024-11-22 14:42:00',2,11,16,0,0),(22,'EPC_171_2411',60,'2024-11-23 04:14:00','EPC Test 2','2024-11-23 03:13:00',2,1,17,0,0),(23,'Java 1_485_2411',30,'2024-11-26 03:53:00','Test','2024-11-26 02:53:00',2,7,16,0,0),(24,'HTML, CSS, JS_782_2411',15,'2024-11-27 09:44:00','Test','2024-11-27 08:44:00',2,2,16,0,0),(25,'EPC_139_2411',40,'2024-12-01 10:10:00','Super Test','2024-11-27 10:10:00',2,1,16,0,0),(34,'EPC_573_2412',40,'2024-12-05 09:51:00','EPC 5','2024-12-03 09:51:00',0,1,16,16,0),(39,'EPC_690_2412',40,'2024-12-05 09:51:00','EPC','2024-12-03 09:51:00',0,1,2,2,1),(40,'HTML, CSS, JS_625_2412',40,'2024-12-04 09:25:00','HTML, CSS, JS','2024-12-03 09:25:00',2,2,21,15,1),(41,'AP_164_241215',40,'2024-12-15 13:49:00','C# Select','2024-12-15 09:49:00',0,10,11.5,10,1),(42,'Java 2_881_241223',10,'2024-12-24 04:21:00','TS','2024-12-23 06:21:00',0,8,14.5,10,1),(43,'EPC_265_241223',10,'2024-12-27 08:39:00','aaa','2024-12-23 11:39:00',0,1,10,10,1),(44,'EPC_079_241226',30,'2024-12-26 09:39:00','Web3','2024-12-26 07:39:00',0,1,19,16,0),(45,'Java 2_099_241227',20,'2024-12-28 10:49:00','Java','2024-12-27 11:48:00',0,8,21.5,17,0);
/*!40000 ALTER TABLE `t_examination` ENABLE KEYS */;
UNLOCK TABLES;

--
-- Table structure for table `t_level`
--

DROP TABLE IF EXISTS `t_level`;
/*!40101 SET @saved_cs_client     = @@character_set_client */;
/*!50503 SET character_set_client = utf8mb4 */;
CREATE TABLE `t_level` (
  `level_id` int NOT NULL AUTO_INCREMENT,
  `name` varchar(20) NOT NULL,
  `point` double NOT NULL,
  `status` int DEFAULT NULL,
  PRIMARY KEY (`level_id`)
) ENGINE=InnoDB AUTO_INCREMENT=5 DEFAULT CHARSET=utf8mb4 COLLATE=utf8mb4_0900_ai_ci;
/*!40101 SET character_set_client = @saved_cs_client */;

--
-- Dumping data for table `t_level`
--

LOCK TABLES `t_level` WRITE;
/*!40000 ALTER TABLE `t_level` DISABLE KEYS */;
INSERT INTO `t_level` VALUES (1,'EASY',1,1),(2,'MEDIUM',1,1),(3,'HARD',2.5,1),(4,'test',1,0);
/*!40000 ALTER TABLE `t_level` ENABLE KEYS */;
UNLOCK TABLES;

--
-- Table structure for table `t_mark`
--

DROP TABLE IF EXISTS `t_mark`;
/*!40101 SET @saved_cs_client     = @@character_set_client */;
/*!50503 SET character_set_client = utf8mb4 */;
CREATE TABLE `t_mark` (
  `mark_id` int NOT NULL AUTO_INCREMENT,
  `score` double DEFAULT NULL,
  `examination_id` int DEFAULT NULL,
  `user_id` int DEFAULT NULL,
  `subject_id` int DEFAULT NULL,
  `begin_time` datetime(6) DEFAULT NULL,
  `submitted_time` datetime(6) DEFAULT NULL,
  `warning` int DEFAULT NULL,
  PRIMARY KEY (`mark_id`),
  KEY `FKbtiuhexnnpof3svc29118po11` (`examination_id`),
  KEY `FK5pkf9hf0wl7rhiw42jy7vfxw9` (`user_id`),
  KEY `FKbluioyq6u5radn37clxg1j0dr` (`subject_id`),
  CONSTRAINT `FK5pkf9hf0wl7rhiw42jy7vfxw9` FOREIGN KEY (`user_id`) REFERENCES `t_student_detail` (`user_id`),
  CONSTRAINT `FKbluioyq6u5radn37clxg1j0dr` FOREIGN KEY (`subject_id`) REFERENCES `t_subject` (`subject_id`),
  CONSTRAINT `FKbtiuhexnnpof3svc29118po11` FOREIGN KEY (`examination_id`) REFERENCES `t_examination` (`examination_id`)
) ENGINE=InnoDB AUTO_INCREMENT=176 DEFAULT CHARSET=utf8mb4 COLLATE=utf8mb4_0900_ai_ci;
/*!40101 SET character_set_client = @saved_cs_client */;

--
-- Dumping data for table `t_mark`
--

LOCK TABLES `t_mark` WRITE;
/*!40000 ALTER TABLE `t_mark` DISABLE KEYS */;
INSERT INTO `t_mark` VALUES (4,16,14,17,1,'2024-11-14 14:38:58.558725','2024-11-14 14:38:58.558725',NULL),(5,17,14,18,1,'2024-11-14 14:38:58.558725','2024-11-14 14:38:58.558725',NULL),(6,5,14,19,1,'2024-11-14 14:38:58.558725','2024-11-14 14:38:58.558725',NULL),(7,8,14,20,1,'2024-11-14 14:38:58.558725','2024-11-14 14:38:58.558725',NULL),(8,12,14,21,1,'2024-11-14 14:38:58.558725','2024-11-14 14:38:58.558725',NULL),(9,10,14,22,1,'2024-11-14 14:38:58.558725','2024-11-14 14:38:58.558725',NULL),(10,5,13,17,1,'2024-11-14 14:38:58.558725','2024-11-14 14:38:58.558725',NULL),(11,4,13,18,1,'2024-11-14 14:38:58.558725','2024-11-14 14:38:58.558725',NULL),(12,2,13,19,1,'2024-11-14 14:38:58.558725','2024-11-14 14:38:58.558725',NULL),(13,16,13,20,1,'2024-11-14 14:38:58.558725','2024-11-14 14:38:58.558725',NULL),(14,15,13,21,1,'2024-11-14 14:38:58.558725','2024-11-14 14:38:58.558725',NULL),(15,10,13,22,1,'2024-11-14 14:38:58.558725','2024-11-14 14:38:58.558725',NULL),(16,8,13,23,1,'2024-11-14 14:38:58.558725','2024-11-14 14:38:58.558725',NULL),(17,12,13,24,1,'2024-11-14 14:38:58.558725','2024-11-14 14:38:58.558725',NULL),(18,11,13,25,1,'2024-11-14 14:38:58.558725','2024-11-14 14:38:58.558725',NULL),(19,9,13,26,1,'2024-11-14 14:38:58.558725','2024-11-14 14:38:58.558725',NULL),(20,14,15,32,6,'2024-11-14 14:38:58.558725','2024-11-14 14:38:58.558725',NULL),(21,10,15,33,6,'2024-11-14 14:38:58.558725','2024-11-14 14:38:58.558725',NULL),(22,13,15,34,6,'2024-11-14 14:38:58.558725','2024-11-14 14:38:58.558725',NULL),(23,9,15,35,6,'2024-11-14 14:38:58.558725','2024-11-14 14:38:58.558725',NULL),(24,2,15,25,6,'2024-11-14 14:38:58.558725','2024-11-14 14:38:58.558725',NULL),(25,5,15,24,6,'2024-11-14 14:38:58.558725','2024-11-14 14:38:58.558725',NULL),(26,7,15,29,6,'2024-11-14 14:38:58.558725','2024-11-14 14:38:58.558725',1),(27,8,16,36,1,'2024-11-14 14:38:58.558725','2024-11-14 17:22:16.640206',NULL),(28,0,16,37,1,'2024-11-14 17:29:41.716160','2024-11-14 17:29:41.716160',4),(29,0,16,38,1,'2024-11-20 09:40:20.131243','2024-11-20 09:40:20.131243',1),(30,0,17,17,2,'2024-11-20 09:40:20.972712','2024-11-20 09:40:20.972712',NULL),(31,0,17,18,2,'2024-11-20 09:40:21.484500','2024-11-20 09:40:21.484500',NULL),(32,0,17,19,2,'2024-11-20 09:40:21.996703','2024-11-20 09:40:21.996703',NULL),(33,0,17,20,2,'2024-11-20 09:40:22.513204','2024-11-20 09:40:22.513204',NULL),(34,0,17,21,2,'2024-11-20 09:40:23.016878','2024-11-20 09:40:23.016878',NULL),(35,12,17,22,2,'2024-11-17 14:26:22.785314','2024-11-17 14:28:52.230161',NULL),(36,14,17,29,2,'2024-11-14 14:38:58.558725','2024-11-14 14:38:58.558725',NULL),(37,0,17,40,2,'2024-11-20 09:40:23.675313','2024-11-20 09:40:23.675313',NULL),(40,3,18,36,1,'2024-11-18 11:40:05.445768','2024-11-18 11:41:06.049707',2),(41,1,18,38,1,'2024-11-18 20:08:37.509801','2024-11-18 20:09:58.284518',3),(42,8,18,37,1,'2024-11-18 12:27:15.819967','2024-11-18 12:29:00.226809',NULL),(43,NULL,18,39,1,NULL,NULL,NULL),(44,NULL,18,41,1,NULL,NULL,NULL),(56,4,19,29,10,'2024-11-22 01:16:36.461317','2024-11-22 01:17:34.062920',NULL),(62,6,19,22,10,'2024-11-22 01:14:01.120559','2024-11-22 01:15:19.049042',1),(76,12,19,21,10,'2024-11-22 14:41:53.700440','2024-11-22 14:41:53.700440',NULL),(77,15,19,18,10,'2024-11-22 14:41:55.860866','2024-11-22 14:41:55.860866',NULL),(78,7,19,17,10,'2024-11-22 14:41:57.721692','2024-11-22 14:41:57.721692',NULL),(79,10,19,19,10,'2024-11-22 14:41:59.516207','2024-11-22 14:41:59.516207',NULL),(80,9,19,20,10,'2024-11-22 14:42:01.029541','2024-11-22 14:42:01.029541',NULL),(81,2,19,36,10,'2024-11-22 14:42:02.220793','2024-11-22 14:42:02.220793',NULL),(82,7,19,40,10,'2024-11-22 14:42:03.344418','2024-11-22 14:42:03.344418',NULL),(83,11,19,38,10,'2024-11-22 14:42:04.438860','2024-11-22 14:42:04.438860',NULL),(84,0,20,17,1,'2024-11-26 09:48:47.656098','2024-11-26 09:48:47.656098',NULL),(85,0,20,18,1,'2024-11-26 09:48:50.374471','2024-11-26 09:48:50.374471',NULL),(86,0,20,19,1,'2024-11-26 09:48:52.576626','2024-11-26 09:48:52.576626',NULL),(87,0,20,20,1,'2024-11-26 09:48:54.723256','2024-11-26 09:48:54.723256',NULL),(88,0,20,21,1,'2024-11-26 09:48:56.508108','2024-11-26 09:48:56.508108',NULL),(89,0,20,22,1,'2024-11-26 09:48:58.115820','2024-11-26 09:48:58.115820',NULL),(90,0,20,29,1,'2024-11-26 09:48:59.585107','2024-11-26 09:48:59.585107',NULL),(91,0,20,36,1,'2024-11-26 09:49:01.096004','2024-11-26 09:49:01.096004',NULL),(92,0,20,40,1,'2024-11-26 09:49:02.708434','2024-11-26 09:49:02.708434',NULL),(93,0,21,37,11,'2024-11-23 08:19:41.595506','2024-11-23 08:19:41.595506',NULL),(94,0,21,38,11,'2024-11-23 08:19:43.171066','2024-11-23 08:19:43.171066',NULL),(95,0,21,39,11,'2024-11-23 08:19:44.236685','2024-11-23 08:19:44.236685',NULL),(96,0,21,41,11,'2024-11-23 08:19:45.266963','2024-11-23 08:19:45.266963',NULL),(97,7,21,29,11,'2024-11-22 22:28:49.065124','2024-11-22 22:30:10.625981',3),(101,0,22,41,1,'2024-11-26 09:49:05.877769','2024-11-26 09:49:05.877769',NULL),(102,6,22,29,1,'2024-11-23 10:19:44.329135','2024-11-23 10:22:15.185453',1),(103,0,22,42,1,'2024-11-26 09:49:07.670234','2024-11-26 09:49:07.670234',NULL),(104,0,22,26,1,'2024-11-26 09:49:09.805192','2024-11-26 09:49:09.805192',NULL),(105,0,23,42,7,'2024-11-27 15:38:41.996037','2024-11-27 15:38:41.996037',NULL),(106,0,23,17,7,'2024-11-27 15:38:43.356963','2024-11-27 15:38:43.356963',NULL),(107,0,23,18,7,'2024-11-27 15:38:44.330184','2024-11-27 15:38:44.330184',NULL),(108,0,23,19,7,'2024-11-27 15:38:45.360014','2024-11-27 15:38:45.360014',NULL),(109,0,23,20,7,'2024-11-27 15:38:46.756709','2024-11-27 15:38:46.756709',NULL),(110,0,23,21,7,'2024-11-27 15:38:47.973457','2024-11-27 15:38:47.973457',NULL),(111,0,23,22,7,'2024-11-27 15:38:49.015147','2024-11-27 15:38:49.015147',NULL),(112,0,23,29,7,'2024-11-27 15:38:50.466113','2024-11-27 15:38:50.466113',NULL),(113,0,23,36,7,'2024-11-27 15:38:51.440731','2024-11-27 15:38:51.440731',NULL),(114,0,23,37,7,'2024-11-27 15:38:52.344315','2024-11-27 15:38:52.344315',NULL),(115,0,23,38,7,'2024-11-27 15:38:53.049329','2024-11-27 15:38:53.049329',NULL),(116,0,23,40,7,'2024-11-27 15:38:53.746792','2024-11-27 15:38:53.746792',NULL),(117,10,24,41,2,'2024-11-27 15:45:57.094118','2024-11-27 15:47:06.466815',1),(118,0,25,39,1,'2024-12-02 11:08:26.220378','2024-12-02 11:08:26.220378',NULL),(119,0,25,41,1,'2024-12-02 11:08:27.770677','2024-12-02 11:08:27.770677',NULL),(120,0,25,42,1,'2024-12-02 11:08:28.609818','2024-12-02 11:08:28.609818',NULL),(121,0,41,17,10,'2024-12-22 22:38:17.764848','2024-12-22 22:38:17.764848',NULL),(122,0,41,18,10,'2024-12-22 22:38:19.221853','2024-12-22 22:38:19.221853',NULL),(123,0,41,19,10,'2024-12-22 22:38:20.368787','2024-12-22 22:38:20.368787',NULL),(124,0,41,20,10,'2024-12-22 22:38:21.500698','2024-12-22 22:38:21.500698',NULL),(125,0,41,21,10,'2024-12-22 22:38:22.602760','2024-12-22 22:38:22.602760',NULL),(126,0,41,22,10,'2024-12-22 22:38:23.680917','2024-12-22 22:38:23.680917',NULL),(127,1,41,29,10,'2024-12-15 18:47:36.130064','2024-12-15 18:47:55.744218',NULL),(128,0,41,36,10,'2024-12-22 22:38:24.682305','2024-12-22 22:38:24.682305',NULL),(129,0,41,37,10,'2024-12-22 22:38:25.670709','2024-12-22 22:38:25.670709',NULL),(130,0,41,38,10,'2024-12-22 22:38:26.541705','2024-12-22 22:38:26.541705',NULL),(131,0,41,40,10,'2024-12-22 22:38:27.715339','2024-12-22 22:38:27.715339',NULL),(132,0,42,23,8,'2024-12-24 17:04:16.267165','2024-12-24 17:04:16.267165',NULL),(133,0,42,24,8,'2024-12-24 17:04:17.945422','2024-12-24 17:04:17.945422',NULL),(134,0,42,25,8,'2024-12-24 17:04:19.209289','2024-12-24 17:04:19.209289',NULL),(135,0,42,26,8,'2024-12-24 17:04:20.525504','2024-12-24 17:04:20.525504',NULL),(136,0,42,27,8,'2024-12-24 17:04:22.031601','2024-12-24 17:04:22.031601',NULL),(137,0,42,28,8,'2024-12-24 17:04:23.448303','2024-12-24 17:04:23.448303',NULL),(138,0,42,30,8,'2024-12-24 17:04:24.849983','2024-12-24 17:04:24.849983',NULL),(139,0,42,31,8,'2024-12-24 17:04:26.351694','2024-12-24 17:04:26.351694',NULL),(140,0,42,32,8,'2024-12-24 17:04:27.587773','2024-12-24 17:04:27.587773',NULL),(141,0,42,33,8,'2024-12-24 17:04:28.572439','2024-12-24 17:04:28.572439',NULL),(142,0,42,34,8,'2024-12-24 17:04:30.476728','2024-12-24 17:04:30.476728',NULL),(143,0,42,35,8,'2024-12-24 17:04:31.774255','2024-12-24 17:04:31.775252',NULL),(144,0,43,17,1,'2024-12-27 17:47:59.384546','2024-12-27 17:47:59.384546',NULL),(145,0,43,18,1,'2024-12-27 17:48:01.261371','2024-12-27 17:48:01.261371',NULL),(146,0,43,19,1,'2024-12-27 17:48:03.205206','2024-12-27 17:48:03.205206',NULL),(147,0,43,20,1,'2024-12-27 17:48:04.930767','2024-12-27 17:48:04.930767',NULL),(148,0,43,21,1,'2024-12-27 17:48:06.881194','2024-12-27 17:48:06.881194',NULL),(149,0,43,22,1,'2024-12-27 17:48:08.778435','2024-12-27 17:48:08.778435',NULL),(150,0,43,29,1,'2024-12-27 17:48:09.951084','2024-12-27 17:48:09.951084',NULL),(151,0,43,36,1,'2024-12-27 17:48:11.078714','2024-12-27 17:48:11.078714',NULL),(152,0,43,37,1,'2024-12-27 17:48:11.949041','2024-12-27 17:48:11.949041',NULL),(153,0,43,38,1,'2024-12-27 17:48:12.872055','2024-12-27 17:48:12.872055',NULL),(154,0,43,40,1,'2024-12-27 17:48:13.890212','2024-12-27 17:48:13.890212',NULL),(155,0,44,17,1,'2024-12-27 17:48:15.526917','2024-12-27 17:48:15.526917',NULL),(156,0,44,18,1,'2024-12-27 17:48:16.574579','2024-12-27 17:48:16.574579',NULL),(157,0,44,19,1,'2024-12-27 17:48:17.707343','2024-12-27 17:48:17.707343',NULL),(158,0,44,20,1,'2024-12-27 17:48:18.822073','2024-12-27 17:48:18.822073',NULL),(159,0,44,21,1,'2024-12-27 17:48:20.063786','2024-12-27 17:48:20.063786',NULL),(160,0,44,22,1,'2024-12-27 17:48:21.312759','2024-12-27 17:48:21.312759',NULL),(161,0,44,29,1,'2024-12-27 17:48:22.584525','2024-12-27 17:48:22.584525',NULL),(162,0,44,36,1,'2024-12-27 17:48:23.456495','2024-12-27 17:48:23.456495',NULL),(163,0,44,37,1,'2024-12-27 17:48:24.309005','2024-12-27 17:48:24.309005',NULL),(164,0,44,38,1,'2024-12-27 17:48:25.141519','2024-12-27 17:48:25.141519',NULL),(165,0,44,40,1,'2024-12-27 17:48:25.974900','2024-12-27 17:48:25.974900',NULL),(166,0,45,17,8,'2024-12-28 23:05:25.629470','2024-12-28 23:05:25.629470',NULL),(167,0,45,19,8,'2024-12-28 23:05:27.961502','2024-12-28 23:05:27.961502',NULL),(168,0,45,20,8,'2024-12-28 23:05:29.831088','2024-12-28 23:05:29.831088',NULL),(169,0,45,21,8,'2024-12-28 23:05:32.900873','2024-12-28 23:05:32.900873',NULL),(170,0,45,22,8,'2024-12-28 23:05:35.278827','2024-12-28 23:05:35.278827',NULL),(171,0,45,29,8,'2024-12-28 23:05:37.647920','2024-12-28 23:05:37.647920',NULL),(172,0,45,36,8,'2024-12-28 23:05:39.520360','2024-12-28 23:05:39.520360',NULL),(173,0,45,37,8,'2024-12-28 23:05:41.333382','2024-12-28 23:05:41.333382',NULL),(174,0,45,38,8,'2024-12-28 23:05:42.934435','2024-12-28 23:05:42.934435',NULL),(175,0,45,40,8,'2024-12-28 23:05:44.377586','2024-12-28 23:05:44.377586',NULL);
/*!40000 ALTER TABLE `t_mark` ENABLE KEYS */;
UNLOCK TABLES;

--
-- Table structure for table `t_permission`
--

DROP TABLE IF EXISTS `t_permission`;
/*!40101 SET @saved_cs_client     = @@character_set_client */;
/*!50503 SET character_set_client = utf8mb4 */;
CREATE TABLE `t_permission` (
  `permission_id` int NOT NULL AUTO_INCREMENT,
  `description` varchar(255) DEFAULT NULL,
  `name` varchar(50) NOT NULL,
  PRIMARY KEY (`permission_id`)
) ENGINE=InnoDB AUTO_INCREMENT=38 DEFAULT CHARSET=utf8mb4 COLLATE=utf8mb4_0900_ai_ci;
/*!40101 SET character_set_client = @saved_cs_client */;

--
-- Dumping data for table `t_permission`
--

LOCK TABLES `t_permission` WRITE;
/*!40000 ALTER TABLE `t_permission` DISABLE KEYS */;
INSERT INTO `t_permission` VALUES (1,'Get subject list','Subject-List'),(2,'Export subject list to excel,pdf','Subject-Export'),(3,'Create new subject','Subject-Create	'),(4,'Update subject','Subject-Update'),(5,'Get list chapter from subject','Subject-Chapter'),(6,'Update chapter','Subject-Chapter-Update'),(7,'Create new chapter','Subject-Chapter-Create'),(8,'Get list question from subject','Subject-Question'),(9,'Export question list to pdf','Subject-Question-Export'),(10,'Create new question','Subject-Question-Create	'),(11,'Update question','Subject-Question-Update	'),(12,'Get class list','Class-List'),(13,'Export class list to excel,pdf','Class-Export	'),(14,'Create new class','Class-Create'),(15,'Update Class','Class-Update'),(16,'Get list student from this class','Class-Student-List'),(17,'Create new student this class','Class-Student-Create'),(18,'Update student this class','Class-Student-Update'),(19,'Export student list this class to excel,pdf','Class-Student-Export'),(20,'Get student no class list','Student(NC)-List'),(21,'Export student no class list to excel,pdf','Student(NC)-Export'),(22,'Create new student no class','Student(NC)-Create'),(23,'Update student no class','Student(NC)-Update'),(24,'Move student no class to class	','Student(NC)-Move'),(25,'Get employee list','Employee-List'),(26,'Create new employee','Employee-Create'),(27,'Export employee list to excel,pdf','Employee-Export	'),(28,'Update employee	','Employee-Update	'),(29,'Get all role','Authorize-List'),(30,'Get all permission by role','Authorize-Detail'),(31,'Get all level','Level-List'),(32,'Update level','Level-Update'),(33,'Get all exam (wait, doing exam)','Exam-List'),(34,'Create exam','Exam-Create'),(35,'Update exam','Exam-Update'),(36,'Export exam list to pdf','Exam-Export'),(37,'View statistics','Dashboard');
/*!40000 ALTER TABLE `t_permission` ENABLE KEYS */;
UNLOCK TABLES;

--
-- Table structure for table `t_practice_answer`
--

DROP TABLE IF EXISTS `t_practice_answer`;
/*!40101 SET @saved_cs_client     = @@character_set_client */;
/*!50503 SET character_set_client = utf8mb4 */;
CREATE TABLE `t_practice_answer` (
  `practice_answer_id` int NOT NULL AUTO_INCREMENT,
  `content` varchar(255) DEFAULT NULL,
  `is_correct` int DEFAULT NULL,
  `practice_question_id` int DEFAULT NULL,
  PRIMARY KEY (`practice_answer_id`),
  KEY `FKfsdw35b0n1jkt5u6a5do3g0ma` (`practice_question_id`),
  CONSTRAINT `FKfsdw35b0n1jkt5u6a5do3g0ma` FOREIGN KEY (`practice_question_id`) REFERENCES `t_practice_question` (`practice_question_id`)
) ENGINE=InnoDB DEFAULT CHARSET=utf8mb4 COLLATE=utf8mb4_0900_ai_ci;
/*!40101 SET character_set_client = @saved_cs_client */;

--
-- Dumping data for table `t_practice_answer`
--

LOCK TABLES `t_practice_answer` WRITE;
/*!40000 ALTER TABLE `t_practice_answer` DISABLE KEYS */;
/*!40000 ALTER TABLE `t_practice_answer` ENABLE KEYS */;
UNLOCK TABLES;

--
-- Table structure for table `t_practice_exam`
--

DROP TABLE IF EXISTS `t_practice_exam`;
/*!40101 SET @saved_cs_client     = @@character_set_client */;
/*!50503 SET character_set_client = utf8mb4 */;
CREATE TABLE `t_practice_exam` (
  `practice_exam_id` int NOT NULL AUTO_INCREMENT,
  `duration` int DEFAULT NULL,
  `status` int DEFAULT NULL,
  `subject_name` varchar(255) DEFAULT NULL,
  PRIMARY KEY (`practice_exam_id`)
) ENGINE=InnoDB DEFAULT CHARSET=utf8mb4 COLLATE=utf8mb4_0900_ai_ci;
/*!40101 SET character_set_client = @saved_cs_client */;

--
-- Dumping data for table `t_practice_exam`
--

LOCK TABLES `t_practice_exam` WRITE;
/*!40000 ALTER TABLE `t_practice_exam` DISABLE KEYS */;
/*!40000 ALTER TABLE `t_practice_exam` ENABLE KEYS */;
UNLOCK TABLES;

--
-- Table structure for table `t_practice_question`
--

DROP TABLE IF EXISTS `t_practice_question`;
/*!40101 SET @saved_cs_client     = @@character_set_client */;
/*!50503 SET character_set_client = utf8mb4 */;
CREATE TABLE `t_practice_question` (
  `practice_question_id` int NOT NULL AUTO_INCREMENT,
  `content` varchar(255) DEFAULT NULL,
  `image` varchar(255) DEFAULT NULL,
  `point` int DEFAULT NULL,
  `practice_exam_id` int DEFAULT NULL,
  PRIMARY KEY (`practice_question_id`),
  KEY `FK1illw21q5ai3rjvdniyera6bb` (`practice_exam_id`),
  CONSTRAINT `FK1illw21q5ai3rjvdniyera6bb` FOREIGN KEY (`practice_exam_id`) REFERENCES `t_practice_exam` (`practice_exam_id`)
) ENGINE=InnoDB DEFAULT CHARSET=utf8mb4 COLLATE=utf8mb4_0900_ai_ci;
/*!40101 SET character_set_client = @saved_cs_client */;

--
-- Dumping data for table `t_practice_question`
--

LOCK TABLES `t_practice_question` WRITE;
/*!40000 ALTER TABLE `t_practice_question` DISABLE KEYS */;
/*!40000 ALTER TABLE `t_practice_question` ENABLE KEYS */;
UNLOCK TABLES;

--
-- Table structure for table `t_question`
--

DROP TABLE IF EXISTS `t_question`;
/*!40101 SET @saved_cs_client     = @@character_set_client */;
/*!50503 SET character_set_client = utf8mb4 */;
CREATE TABLE `t_question` (
  `question_id` int NOT NULL AUTO_INCREMENT,
  `content` text NOT NULL,
  `image` varchar(255) DEFAULT NULL,
  `status` int NOT NULL,
  `level_id` int DEFAULT NULL,
  `subject_id` int DEFAULT NULL,
  PRIMARY KEY (`question_id`),
  KEY `FKtopn0jl12r41wu3mb2ymaq9x4` (`level_id`),
  KEY `FK5kp8uabpkgqamqnc3i6mg0mxb` (`subject_id`),
  CONSTRAINT `FK5kp8uabpkgqamqnc3i6mg0mxb` FOREIGN KEY (`subject_id`) REFERENCES `t_subject` (`subject_id`),
  CONSTRAINT `FKtopn0jl12r41wu3mb2ymaq9x4` FOREIGN KEY (`level_id`) REFERENCES `t_level` (`level_id`)
) ENGINE=InnoDB AUTO_INCREMENT=429 DEFAULT CHARSET=utf8mb4 COLLATE=utf8mb4_0900_ai_ci;
/*!40101 SET character_set_client = @saved_cs_client */;

--
-- Dumping data for table `t_question`
--

LOCK TABLES `t_question` WRITE;
/*!40000 ALTER TABLE `t_question` DISABLE KEYS */;
INSERT INTO `t_question` VALUES (1,'What does C stand for in the programming language C?',NULL,1,1,1),(2,'Which of the following are valid data types in C?',NULL,1,1,1),(3,'Which of the following statements about the bitwise operators is correct?',NULL,1,2,1),(4,'What is the output of this code snippet? (Image)','addf3a66-348e-4f95-9c9a-a96e1ec79212_2024-10-18_q4.png',1,1,1),(5,'What will the following code output? (Image)','7b3d45e4-2375-4688-8a33-d7471170522c_2024-10-18_q5.png',1,2,1),(6,'Which of the following are control structures in C?',NULL,1,1,1),(7,'What will the following code output? (Image)','86d111f6-367e-4e9e-b0a8-68e4aebde405_2024-10-18_q7.png',1,2,1),(8,'What is the purpose of pointers in C?',NULL,1,1,1),(9,'Which of the following can dynamically allocate memory in C?',NULL,1,2,1),(10,'What will the following code output? (Image)','8c4f7942-600e-449e-a637-915cd29e7bbc_2024-10-18_q10.png',1,2,1),(11,'Which of the following is not a valid preprocessor directive in C?',NULL,1,1,1),(12,'Which of the following are correct error handling mechanisms in C?',NULL,1,2,1),(13,'Which of the following statements about structures is true?',NULL,1,1,1),(14,'What is the output of this code snippet? (Image)','42211748-b35a-4c4f-a1e8-37131f77d771_2024-10-18_q14.png',1,1,1),(15,'What is the size of an int data type in C?',NULL,1,1,1),(16,'Which of the following are valid operators in C?',NULL,1,1,1),(17,'What is the output of the following code: printf(\'%d\', 10 + 20);',NULL,1,1,1),(18,'Which of the following are valid control flow statements in C?',NULL,1,1,1),(19,'What is a function prototype in C?',NULL,1,1,1),(20,'Which of the following can be used to iterate through an array?',NULL,1,1,1),(21,'Which of the following statements about pointers is correct?',NULL,1,2,1),(22,'Which of the following functions are used for error handling in C?',NULL,1,2,1),(23,'Which of the following correctly declares a structure in C?',NULL,1,1,1),(24,'Which functions are used for file I/O operations in C?',NULL,1,2,1),(25,'What is the purpose of the #define preprocessor directive?',NULL,1,1,1),(26,'Which of the following statements about dynamic memory allocation is correct?',NULL,1,2,1),(27,'Which of the following is an invalid variable name in C?',NULL,1,1,1),(28,'Which of the following statements about arrays is true?',NULL,1,1,1),(29,'What is the correct syntax to declare a variable in C?',NULL,1,3,1),(30,'Which of the following is not a valid loop structure in C?',NULL,1,1,1),(31,'What will be the output of printf(\'%d\', 10 * 5);?',NULL,1,1,1),(32,'Which of the following is an example of a conditional statement?',NULL,1,1,1),(33,'What is the purpose of the return statement in a function?',NULL,1,1,1),(34,'Which of the following can be used to declare an array?',NULL,1,1,1),(35,'Which of the following functions can be used to compare two strings?',NULL,1,3,1),(36,'What is the purpose of the malloc() function?',NULL,1,2,1),(37,'Which of the following statements about structures in C is true?',NULL,1,1,1),(38,'Which of the following can lead to undefined behavior in C?',NULL,1,2,1),(39,'Which of the following is not a valid file mode in C?',NULL,1,3,1),(40,'What is the role of the preprocessor in C?',NULL,1,1,1),(41,'Which of the following correctly describes the use of pointers?',NULL,1,2,1),(42,'Which of the following functions would you use to read from a file?',NULL,1,2,1),(43,'What is the default return type of a function in C if no type is specified?',NULL,1,1,1),(44,'Which of the following correctly represents a string in C?',NULL,1,1,1),(45,'How do you declare a constant variable in C?',NULL,1,1,1),(46,'What is the correct way to include a header file in C?',NULL,1,3,1),(47,'What will the following code print? printf(\'%c\', \'A\' + 1);',NULL,1,1,1),(48,'Which of the following statements about arrays is true?',NULL,1,3,1),(49,'Which of the following statements about functions is false?',NULL,1,2,1),(50,'What is the result of this expression: 10 / 3?',NULL,1,1,1),(51,'Which of the following is used to deallocate memory in C?',NULL,1,1,1),(52,'Which of the following statements about file handling is incorrect?',NULL,1,2,1),(53,'Which of the following is an example of a preprocessor directive?',NULL,1,1,1),(54,'Which of the following can lead to memory leaks?',NULL,1,2,1),(55,'What is the purpose of the typedef keyword in C?',NULL,1,2,1),(56,'Which of the following is a valid pointer declaration?',NULL,1,1,1),(57,'Which of the following is a valid declaration of a function in C?',NULL,1,3,1),(58,'What does the keyword \'extern\' signify in C?',NULL,1,3,1),(59,'What is the output of the following code snippet? printf(\'%d\', 5 + 2 * 3);',NULL,1,1,1),(60,'Which of the following correctly initializes an array of integers?',NULL,1,1,1),(61,'Which of the following statements about loops is true?',NULL,1,1,1),(62,'What is the purpose of the sizeof operator in C?',NULL,1,2,1),(63,'Which of the following statements about pointers is incorrect?',NULL,1,2,1),(64,'What is the output of the following code snippet? int a = 5; printf(\'%d\', a++ + ++a);',NULL,1,2,1),(65,'Which of the following statements about error handling in C is true?',NULL,1,2,1),(66,'Which of the following is the correct way to start a PHP block?',NULL,1,1,6),(67,'Which function is used to print a message in PHP?',NULL,1,1,6),(68,'Which of the following is used to create a constant in PHP?',NULL,1,2,6),(69,'Which of these is the correct way to declare a variable in PHP?',NULL,1,1,6),(70,'Which of the following superglobal is used to collect form data submitted via POST?',NULL,1,3,6),(71,'Which operator is used for concatenation of strings in PHP?',NULL,1,1,6),(72,'What is the output of echo 2 + \"5 apples\";?',NULL,1,2,6),(73,'Which of the following is a valid function name in PHP?',NULL,1,3,6),(74,'What does the isset() function do?',NULL,1,3,6),(75,'Which function is used to include the contents of one PHP file into another?',NULL,1,2,6),(76,'Which of the following are valid data types in PHP?',NULL,1,1,6),(77,'Which of these methods can be used to access an array element?',NULL,1,2,6),(78,'Which of the following functions can be used to debug a variable in PHP?',NULL,1,1,6),(79,'Which of the following are valid PHP loops?',NULL,1,1,6),(80,'What are valid ways to create an associative array in PHP?',NULL,1,2,6),(81,'Which functions can be used to read data from a file in PHP?',NULL,1,1,6),(82,'Which of the following are used to check if a file exists in PHP?',NULL,1,3,6),(83,'Which statements can be used for handling exceptions in PHP?',NULL,1,1,6),(84,'Which of these are valid ways to include external PHP code in your project?',NULL,1,1,6),(85,'Which of the following are valid PHP error handling methods?',NULL,1,3,6),(86,'What is the correct way to define a class in PHP?',NULL,1,1,6),(87,'Which keyword is used to create an instance of a class?',NULL,1,1,6),(88,'Which visibility keyword restricts access to a class property or method from outside the class?',NULL,1,2,6),(89,'Which of the following allows a class to inherit the properties and methods of another class?',NULL,1,1,6),(90,'What is the correct way to declare a constructor in PHP?',NULL,1,3,6),(91,'Which keyword is used to access a parent class method from a child class?',NULL,1,2,6),(92,'How do you make a class abstract in PHP?',NULL,1,1,6),(93,'Which of the following allows a class to implement multiple interfaces?',NULL,1,2,6),(94,'What is the purpose of the final keyword in PHP?',NULL,1,2,6),(95,'What does SQL stand for?',NULL,1,1,5),(96,'Which SQL statement is used to retrieve data from a database?',NULL,1,1,5),(97,'Which of the following is a valid SQL statement for deleting a table?',NULL,1,1,5),(98,'Which SQL keyword is used to sort the result-set?',NULL,1,2,5),(99,'What is the command to remove all records from a table without deleting the table itself?',NULL,1,1,5),(100,'Which of the following is used to ensure all values in a column are unique?',NULL,1,1,5),(101,'What will the following SQL query return? SELECT COUNT(*) FROM employees;',NULL,1,1,5),(102,'Which command is used to modify existing rows in a table?',NULL,1,1,5),(103,'Which keyword is used to filter records in an SQL query?',NULL,1,2,5),(104,'Which clause is used to group rows that have the same values into summary rows?',NULL,1,2,5),(105,'What does the DISTINCT keyword do in an SQL query?',NULL,1,3,5),(106,'Which SQL function is used to return the current date?',NULL,1,2,5),(107,'What is the default sorting order of the ORDER BY clause?',NULL,1,3,5),(108,'Which statement is used to add a new column to an existing table?',NULL,1,2,5),(109,'Which of the following is not an SQL aggregate function?',NULL,1,1,5),(110,'What does the LIMIT clause do in an SQL query?',NULL,1,3,5),(111,'Which SQL command is used to create a database?',NULL,1,1,5),(112,'Which keyword is used to join tables based on a condition?',NULL,1,1,5),(113,'What is the command to add a foreign key to an existing table?',NULL,1,2,5),(114,'What will happen if you execute the following query? SELECT * FROM users WHERE age = NULL;',NULL,1,3,5),(115,'Which of the following SQL keywords can be used to fetch data?',NULL,1,1,5),(116,'Which of the following are data types in SQL?',NULL,1,1,5),(117,'Which of the following can be constraints in SQL?',NULL,1,1,5),(118,'Which SQL statements are used to modify the structure of a table?',NULL,1,2,5),(119,'Which of the following are valid SQL JOIN types?',NULL,1,1,5),(120,'Which clauses can be used with SELECT to filter and sort data?',NULL,1,1,5),(121,'What are common uses of the ALTER TABLE statement?',NULL,1,2,5),(122,'Which of the following SQL functions are used for string manipulation?',NULL,1,3,5),(123,'Which of the following clauses can be used to filter aggregated data?',NULL,1,2,5),(124,'What does HTML stand for?',NULL,1,1,2),(125,'Which tag is used to create a paragraph in HTML?',NULL,1,1,2),(126,'Which attribute is used to create hyperlinks in HTML?',NULL,1,1,2),(127,'Which of the following is not a valid HTML5 tag?',NULL,1,1,2),(128,'Which CSS property is used to change the background color of an element?',NULL,1,1,2),(129,'Which value of the position property sets the element in a fixed position?',NULL,1,2,2),(130,'What does the <br> tag do in HTML?',NULL,1,1,2),(131,'What is the correct syntax for including JavaScript in an HTML page?',NULL,1,1,2),(132,'What is the result of typeof null in JavaScript?',NULL,1,2,2),(133,'Which event occurs when the user clicks on an HTML element?',NULL,1,1,2),(134,'Which tag is used to embed video in a web page?',NULL,1,2,2),(135,'Which CSS framework is the most popular?',NULL,1,3,2),(136,'Which value of the display property displays an element as a block?',NULL,1,3,2),(137,'Which method in JavaScript adds an item to the end of an array?',NULL,1,3,2),(138,'Which function creates an alert box in JavaScript?',NULL,1,2,2),(139,'Which tag is used to create a hyperlink?',NULL,1,1,2),(140,'What is the syntax for including CSS in an HTML document?',NULL,1,1,2),(141,'Which function checks if a value is NaN (Not-a-Number) in JavaScript?',NULL,1,2,2),(142,'How do you create a single-line comment in JavaScript?',NULL,1,1,2),(143,'Which keyword is used to declare a constant in JavaScript?',NULL,1,1,2),(144,'What does the <head> tag contain in an HTML document?',NULL,1,2,2),(145,'Which CSS property is used to change the font of an element?',NULL,1,1,2),(146,'Which statement will print \"Hello World\" in JavaScript?',NULL,1,1,2),(147,'Which CSS property changes the size of the font?',NULL,1,1,2),(148,'Which property aligns the text to the center in CSS?',NULL,1,1,2),(149,'Which method removes the last element of an array in JavaScript?',NULL,1,2,2),(150,'What is the main use of the <meta> tag in HTML?',NULL,1,3,2),(151,'Which tag is considered a block-level element?',NULL,1,2,2),(152,'Which property is used to set a border in CSS?',NULL,1,1,2),(153,'Which variable cannot be reassigned after its declaration in JavaScript?',NULL,1,3,2),(154,'What are the ways to add CSS to a web page?',NULL,1,3,2),(155,'Which tags are used to create lists in HTML?',NULL,1,2,2),(156,'Primitive data types in JavaScript include:',NULL,1,1,2),(157,'What are methods to access DOM elements in JavaScript?',NULL,1,3,2),(158,'Which properties can be used to adjust the margin in CSS?',NULL,1,2,2),(159,'Which methods can be used to iterate over array elements in JavaScript?',NULL,1,3,2),(160,'Which values of the display property create a flexbox layout?',NULL,1,2,2),(161,'Which properties are used to control colors in CSS?',NULL,1,1,2),(162,'Which are considered mouse events in JavaScript?',NULL,1,2,2),(163,'New HTML5 tags include:',NULL,1,3,2),(164,'What is the entry point of a C# program?',NULL,1,2,10),(165,'Which keyword is used to inherit a class in C#?',NULL,1,1,10),(166,'What is the correct syntax for declaring a variable of type integer?',NULL,1,1,10),(167,'Which access modifier allows a member to be accessible within the same class and derived classes?',NULL,1,1,10),(168,'What does the static keyword mean when applied to a method?',NULL,1,3,10),(169,'Which operator is used for concatenating strings in C#?',NULL,1,1,10),(170,'Which data type is used to store a sequence of characters in C#?',NULL,1,1,10),(171,'What is the default value of an uninitialized bool variable in C#?',NULL,1,1,10),(172,'Which of the following is NOT a C# value type?',NULL,1,1,10),(173,'What is the purpose of the using directive in C#?',NULL,1,2,10),(174,'What is the output of Console.WriteLine(3 / 2);?',NULL,1,1,10),(175,'Which of the following methods is used to read input from the console?',NULL,1,1,10),(176,'What does the sealed keyword do when applied to a class?',NULL,1,3,10),(177,'What is the purpose of the finally block in exception handling?',NULL,1,2,10),(178,'Which of these can be used to represent a single character in C#?',NULL,1,1,10),(179,'What is boxing in C#?',NULL,1,3,10),(180,'Which keyword is used to define an interface in C#?',NULL,1,1,10),(181,'Which class is used to work with files in C#?',NULL,1,1,10),(182,'Which type of inheritance is NOT supported in C#?',NULL,1,2,10),(183,'What is the purpose of the async keyword?',NULL,1,1,10),(184,'Which of the following are reference types in C#?',NULL,1,1,10),(185,'Which of the following are valid access modifiers in C#?',NULL,1,1,10),(186,'Which methods are part of the Console class in C#?',NULL,1,1,10),(187,'Which of the following statements are true about the abstract keyword?',NULL,1,3,10),(188,'Which types support multiple interfaces in C#?',NULL,1,2,10),(189,'Which data types are value types in C#?',NULL,1,1,10),(190,'Which statements are true for polymorphism in C#?',NULL,1,1,10),(191,'What is MongoDB?',NULL,1,1,9),(192,'What is the format used to store documents in MongoDB?',NULL,1,2,9),(193,'Which command is used to insert a single document into a collection?',NULL,1,1,9),(194,'Which of the following is used to retrieve data in MongoDB?',NULL,1,1,9),(195,'Which method is used to update an existing document in a collection?',NULL,1,1,9),(196,'Which command will delete all documents from a collection?',NULL,1,1,9),(197,'Which aggregation stage is used to filter documents?',NULL,1,2,9),(198,'What is the role of a shard in MongoDB?',NULL,1,3,9),(199,'What is the default port for MongoDB?',NULL,1,3,9),(200,'Which tool is used for data backup in MongoDB?',NULL,1,3,9),(201,'What does db.collection.createIndex() do?',NULL,1,2,9),(202,'What type of database model does MongoDB follow?',NULL,1,2,9),(203,'Which command starts a MongoDB server instance?',NULL,1,1,9),(204,'What is a replica set in MongoDB?',NULL,1,2,9),(205,'What does the $lookup stage in an aggregation pipeline do?',NULL,1,3,9),(206,'Which commands can be used to retrieve data in MongoDB?',NULL,1,2,9),(207,'Which stages can be used in an aggregation pipeline?',NULL,1,3,9),(208,'What is the primary purpose of the ExecutorService in Java?',NULL,1,1,8),(209,'Which method is used to start a thread in Java?',NULL,1,1,8),(210,'What does the synchronized keyword do in Java?',NULL,1,2,8),(211,'Which package contains the Scanner class?',NULL,1,1,8),(212,'What is a correct way to declare a generic method in Java?',NULL,1,1,8),(213,'Which statement about the java.nio package is true?',NULL,1,3,8),(214,'What does the try-with-resources statement ensure?',NULL,1,2,8),(215,'Which Java version introduced lambda expressions?',NULL,1,1,8),(216,'What is the use of the volatile keyword?',NULL,1,1,8),(217,'Which statement about Streams in Java is correct?',NULL,1,1,8),(218,'What is the role of Callable compared to Runnable?',NULL,1,1,8),(219,'Which method in the Thread class pauses the execution for a specific time?',NULL,1,1,8),(220,'What does @FunctionalInterface indicate in Java?',NULL,1,2,8),(221,'What is the purpose of Reflection in Java?',NULL,1,3,8),(222,'Which Java class is used for creating secure socket connections?',NULL,1,2,8),(223,'What does JDBC stand for?',NULL,1,1,8),(224,'Which of the following is used to add elements to a HashMap?',NULL,1,1,8),(225,'What is the result of calling Collections.sort() on a list?',NULL,1,1,8),(226,'Which class is used to create a thread-safe collection?',NULL,1,2,8),(227,'Which of the following are methods of the Thread class?',NULL,1,1,8),(228,'Which of the following are advantages of using generics in Java?',NULL,1,2,8),(229,'Which interfaces are part of the java.util.concurrent package?',NULL,1,3,8),(230,'What are the benefits of using the Stream API?',NULL,1,3,8),(231,'Which keyword is used to create an object in Java?',NULL,1,1,7),(232,'Which data type is used to store a single character in Java?',NULL,1,1,7),(233,'Which method is called when an object is created in Java?',NULL,1,1,7),(234,'What will be the output of Math.max(10, 20)?',NULL,1,1,7),(235,'What does the == operator compare?',NULL,1,2,7),(236,'What is the size of an int data type in Java?',NULL,1,1,7),(237,'Which of the following is not a reserved keyword in Java?',NULL,1,1,7),(238,'Which exception is thrown when dividing by zero in Java?',NULL,1,3,7),(239,'What is the default value of a boolean variable in Java?',NULL,1,2,7),(240,'Which of the following is used to read data from the keyboard in Java?',NULL,1,1,7),(241,'Which of the following access modifiers allows access only within the same package?',NULL,1,1,7),(242,'What is the return type of the hashCode() method in Java?',NULL,1,1,7),(243,'Which keyword is used to inherit a class in Java?',NULL,1,2,7),(244,'What does the finally block do in Java?',NULL,1,1,7),(245,'Which of the following are primitive data types in Java?',NULL,1,1,7),(246,'What are valid ways to start a thread in Java?',NULL,1,3,7),(247,'Which statements about constructors in Java are true?',NULL,1,3,7),(248,'What is Node.js built on?',NULL,1,1,14),(249,'Which of the following is used to import modules in Node.js?',NULL,1,1,14),(250,'Which method is used to create a server in Node.js?',NULL,1,1,14),(251,'What is the default scope of a module in Node.js?',NULL,1,1,14),(252,'What is the purpose of the fs module?',NULL,1,2,14),(253,'Which of the following is true about Node.js event-driven architecture?',NULL,1,3,14),(254,'Which of the following methods can read files asynchronously in Node.js?',NULL,1,1,14),(255,'How do you install a package globally using npm?',NULL,1,1,14),(256,'Which method is used to send a response to the client in an HTTP server?',NULL,1,1,14),(257,'What is a middleware in Express.js?',NULL,1,3,14),(258,'What does the next() function do in an Express.js middleware?',NULL,1,3,14),(259,'Which of the following is used to create routes in Express.js?',NULL,1,1,14),(260,'Which statement is correct about the Buffer class in Node.js?',NULL,1,1,14),(261,'What does npm start do by default?',NULL,1,2,14),(262,'Which of the following are valid Node.js built-in modules?',NULL,1,1,14),(263,'What are valid ways to handle asynchronous code in Node.js?',NULL,1,2,14),(264,'Which of the following methods can be used to work with events in Node.js?',NULL,1,1,14),(265,'Which statements about npm are correct?',NULL,1,1,14),(266,'Which of the following are true for the async/await syntax in Node.js?',NULL,1,3,14),(267,'What does SMAC stand for?',NULL,1,1,13),(268,'Which of the following is a key benefit of using Social Media in SMAC?',NULL,1,1,13),(269,'Which of the following platforms is typically used for Social Media marketing?',NULL,1,1,13),(270,'What does Mobile in SMAC primarily focus on?',NULL,1,1,13),(271,'Which of the following is NOT a tool used for Analytics in SMAC?',NULL,1,1,13),(272,'Which of the following is a key benefit of cloud computing in SMAC?',NULL,1,2,13),(273,'Which cloud service model provides hardware and software infrastructure?',NULL,1,2,13),(274,'What does SaaS stand for in cloud computing?',NULL,1,1,13),(275,'Which of the following is a major concern when implementing SMAC strategies in a business?',NULL,1,3,13),(276,'Which of the following is an example of a cloud provider?',NULL,1,1,13),(277,'Which technology is commonly used for mobile application development in SMAC?',NULL,1,1,13),(278,'Which of the following is a feature of cloud computing?',NULL,1,1,13),(279,'Which social media platform is most commonly used for targeted advertisements in SMAC?',NULL,1,1,13),(280,'Which of the following is NOT a benefit of using SMAC in business?',NULL,1,3,13),(281,'Which of the following are key components of Analytics in SMAC?',NULL,1,1,13),(282,'Which of the following are common social media platforms used in SMAC strategies?',NULL,1,2,13),(283,'Which of the following are benefits of using ',NULL,1,3,13),(284,'What are the challenges when implementing SMAC in businesses?',NULL,1,1,13),(285,'Which of the following is the main purpose of .NET Web API?',NULL,1,1,12),(286,'What is the default format for responses in a RESTful API built with .NET Core Web API?',NULL,1,1,12),(287,'Which method is used to retrieve data from an API in HTTP?',NULL,1,1,12),(288,'In .NET Web API, which of the following attributes is used to create a Web API controller?',NULL,1,1,12),(289,'Which of the following is the correct way to create a new Web API project in .NET Core using the command line?',NULL,1,1,12),(290,'Which method in Web API is used to handle POST requests?',NULL,1,1,12),(291,'Which class is used for routing in .NET Web API?',NULL,1,1,12),(292,'How can you specify a route parameter in .NET API routing?',NULL,1,2,12),(293,'What is the default port for a .NET Core Web API project?',NULL,1,1,12),(294,'Which of the following is the correct way to return a response in a Web API method?',NULL,1,1,12),(295,'What does the [HttpGet] attribute do in a Web API controller?',NULL,1,3,12),(296,'Which of the following middleware can be used to handle exceptions globally in .NET API?',NULL,1,2,12),(297,'Which of the following is used for authentication in .NET Core Web API?',NULL,1,1,12),(298,'Which attribute is used for model validation in Web API?',NULL,1,3,12),(299,'Which of the following are benefits of using API versioning in .NET Web API?',NULL,1,2,12),(300,'Which are the valid HTTP status codes to indicate successful API requests?',NULL,1,1,12),(301,'What are the key principles of RESTful API design?',NULL,1,1,12),(302,'Which of the following are common ways to document .NET Web API?',NULL,1,1,12),(303,'What does MVC stand for in .NET MVC?',NULL,1,1,11),(304,'Which method in the controller is used to return a view?',NULL,1,1,11),(305,'What is the main purpose of the Model in MVC?',NULL,1,1,11),(306,'Which file extension is used for Razor Views in .NET MVC?',NULL,1,1,11),(307,'In ASP.NET MVC, what is the default method for form submission?',NULL,1,1,11),(308,'Which method is used to redirect to a different action in a controller?',NULL,1,2,11),(309,'Which attribute is used to restrict access to actions for authenticated users?',NULL,1,2,11),(310,'What is the purpose of ViewBag in MVC?',NULL,1,3,11),(311,'Which of the following is NOT a return type for an action method in .NET MVC?',NULL,1,1,11),(312,'What is TempData used for in MVC?',NULL,1,1,11),(313,'What does Html.ActionLink() method do?',NULL,1,1,11),(314,'Which component handles URL routing in an ASP.NET MVC application?',NULL,1,1,11),(315,'What is Razor in .NET MVC?',NULL,1,1,11),(316,'What is the purpose of Html.Partial() in ASP.NET MVC?',NULL,1,2,11),(317,'Which methods can be used to return JSON data from a controller in ASP.NET MVC?',NULL,1,2,11),(318,'What are common ways to handle form data submissions in ASP.NET MVC?',NULL,1,1,11),(319,'What language is used to develop Flutter applications?',NULL,1,1,20),(320,'Which widget should you use to create a scrollable list in Flutter?',NULL,1,1,20),(321,'What is the main function used for in a Flutter application?',NULL,1,1,20),(322,'Which method in the StatefulWidget class is called to create its state?',NULL,1,1,20),(323,'What does the setState() method do in Flutter?',NULL,1,1,20),(324,'Which widget is used to display a simple dialog box?',NULL,1,1,20),(325,'Which widget allows you to apply a click event in Flutter?',NULL,1,1,20),(326,'What does the Navigator.push() method do in Flutter?',NULL,1,2,20),(327,'Which widget is used for displaying images in Flutter?',NULL,1,1,20),(328,'Which lifecycle method is called when a StatefulWidget is removed from the tree?',NULL,1,3,20),(329,'Which of the following are valid state management solutions in Flutter?',NULL,1,3,20),(330,'Which widgets are commonly used to structure layouts in Flutter?',NULL,1,1,20),(331,'What are the main uses of the Scaffold widget in Flutter?',NULL,1,2,20),(332,'Which of the following widgets can be used to create animations in Flutter?',NULL,1,3,20),(333,'What features does the Flutter SDK provide?',NULL,1,1,20),(334,'What is the default value of an uninitialized variable in Dart?',NULL,1,1,19),(335,'Which keyword is used to declare a constant value in Dart?',NULL,1,1,19),(336,'What type of variable declaration is mutable in Dart?',NULL,1,1,19),(337,'Which operator is used for string interpolation in Dart?',NULL,1,1,19),(338,'Which of the following keywords is used to define an abstract class in Dart?',NULL,1,1,19),(339,'How do you create a list in Dart?',NULL,1,1,19),(340,'What will print(5 ~/ 2); output in Dart?',NULL,1,1,19),(341,'What keyword is used to handle exceptions in Dart?',NULL,1,1,19),(342,'Which function runs a Dart program\'s main logic?',NULL,1,1,19),(343,'What is the syntax to declare a map in Dart?',NULL,1,1,19),(344,'Which of the following are valid ways to declare variables in Dart?',NULL,1,1,19),(345,'What are valid uses of the final keyword in Dart?',NULL,1,1,19),(346,'Which methods can be used on Dart lists?',NULL,1,1,19),(347,'What features are part of Dart\'s Object-Oriented Programming?',NULL,1,1,19),(348,'What does REST stand for?',NULL,1,1,18),(349,'Which HTTP method is used to update a resource?',NULL,1,1,18),(350,'Which format is commonly used for data interchange in RESTful web services?',NULL,1,1,18),(351,'What is WSDL used for in SOAP web services?',NULL,1,1,18),(352,'Which HTTP status code represents a successful GET request?',NULL,1,1,18),(353,'What is the main characteristic of a stateless protocol?',NULL,1,3,18),(354,'Which of the following is NOT an HTTP method?',NULL,1,1,18),(355,'What security mechanism is commonly used for securing REST APIs?',NULL,1,1,18),(356,'What type of data format is application/json?',NULL,1,1,18),(357,'Which tool is commonly used to test web services?',NULL,1,1,18),(358,'Which of the following are valid HTTP status codes for error responses?',NULL,1,1,18),(359,'What are common methods used in RESTful web services?',NULL,1,2,18),(360,'Which characteristics define a RESTful web service?',NULL,1,1,18),(361,'Which tools can be used for API documentation?',NULL,1,1,18),(362,'What are common security practices for web services?',NULL,1,3,18),(363,'What is the main purpose of Java EE (Jakarta EE)?',NULL,1,1,17),(364,'Which of the following is used to manage transactions in Java EE?',NULL,1,1,17),(365,'Which of the following is the default deployment descriptor for a Java EE web application?',NULL,1,1,17),(366,'What is the role of a Servlet in Java EE?',NULL,1,1,17),(367,'Which annotation is used to mark a class as an Enterprise JavaBean (EJB)?',NULL,1,1,17),(368,'Which technology is used in Java EE to manage persistence and ORM (Object-Relational Mapping)?',NULL,1,1,17),(369,'Which of the following is the correct way to inject a dependency in Java EE using CDI (Contexts and Dependency Injection)?',NULL,1,1,17),(370,'Which component in Java EE is responsible for managing user interface components and page navigation?',NULL,1,1,17),(371,'What does JAX-RS stand for in Java EE?',NULL,1,1,17),(372,'Which of the following technologies in Java EE is used for creating web services?',NULL,1,2,17),(373,'Which of the following are types of EJBs in Java EE?',NULL,1,1,17),(374,'Which of the following are valid annotations in Java EE?',NULL,1,1,17),(375,'Which of the following are features of JPA in Java EE?',NULL,1,1,17),(376,'Which of the following are components of a Java EE web application?',NULL,1,1,17),(377,'Which of the following are typical responsibilities of a Java EE application server?',NULL,1,3,17),(378,'What is the main purpose of Spring Boot?',NULL,1,1,16),(379,'Which annotation is used to mark a Spring Boot main application class?',NULL,1,1,16),(380,'Which of the following is used to start a Spring Boot application?',NULL,1,1,16),(381,'What is the default embedded server used by Spring Boot?',NULL,1,1,16),(382,'Which property file is commonly used for configuration in Spring Boot?',NULL,1,1,16),(383,'Which annotation is used to create a RESTful web service in Spring Boot?',NULL,1,1,16),(384,'Which dependency do you need to include to use JPA in Spring Boot?',NULL,1,1,16),(385,'Which annotation is used to define a Spring Boot service layer?',NULL,1,1,16),(386,'What is the default HTTP port of a Spring Boot application when running locally?',NULL,1,1,16),(387,'Which of the following is a feature of Spring Boot Actuator?',NULL,1,3,16),(388,'Which of the following are features of Spring Boot?',NULL,1,2,16),(389,'Which of the following can be used to create a Spring Boot project?',NULL,1,1,16),(390,'Which annotations can be used for dependency injection in Spring Boot?',NULL,1,1,16),(391,'Which of the following is commonly used for testing Spring Boot applications?',NULL,1,1,16),(392,'What is the correct format specifier for printing an integer in C?',NULL,1,1,1),(393,'What is the size of an int data type on a 32-bit machine?',NULL,1,3,1),(394,'Which function is used to allocate memory dynamically in C?',NULL,1,2,1),(395,'What is the output of printf(\"%d\", 10 / 3); in C?',NULL,1,1,1),(396,'What does the break statement do in a loop?',NULL,1,1,1),(397,'Which of the following is not a valid storage class in C?',NULL,1,2,1),(398,'What is the default return type of main() in C?',NULL,1,1,1),(399,'Which operator is used to access the value of a pointer in C?',NULL,1,1,1),(400,'Which loop is guaranteed to execute at least once?',NULL,1,3,1),(401,'What does the sizeof() operator return?',NULL,1,1,1),(402,'Which of the following functions is used to read a single character from input?',NULL,1,1,1),(403,'What is the correct syntax to declare an array of 10 integers?',NULL,1,1,1),(404,'What does the % operator do in C?',NULL,1,1,1),(405,'What is the correct way to declare a function in C?\n',NULL,1,2,1),(406,'Which of these are features of the C programming language?',NULL,1,3,1),(407,'Which of these are loop control statements in C?',NULL,1,2,1),(408,'What are the properties of an array in C?',NULL,1,1,1),(409,'Who developed Java?',NULL,1,1,7),(410,'Which of the following is NOT a primitive data type in Java?',NULL,1,1,7),(411,'What is the result of the expression 10 + 20 + \"30\"?',NULL,1,1,7),(412,'Which method is called first when a Java program starts?',NULL,1,1,7),(413,'Which keyword is used to create an object in Java?',NULL,1,1,7),(414,'What happens if the main() method is not declared in a Java program?',NULL,1,1,7),(415,'What is the purpose of the System.out.println() method?',NULL,1,2,7),(416,'Which class is used to create character strings in Java?',NULL,1,1,7),(417,'Which keyword is used to prevent a class from being inherited?',NULL,1,1,7),(418,'What is the role of the Controller in the MVC pattern?',NULL,1,1,11),(419,'When is TempData used in ASP.NET MVC?',NULL,1,2,11),(420,'What is the purpose of the ActionResult class in ASP.NET MVC?',NULL,1,1,11),(421,'Which tool is used to manage routing in .NET MVC?',NULL,1,1,11),(422,'Which command is used to add a new View in ASP.NET MVC?',NULL,1,3,11),(423,'Which mechanism ensures security against CSRF (Cross-Site Request Forgery) attacks in ASP.NET MVC?',NULL,1,3,11),(424,'How do you return JSON data from a Controller in ASP.NET MVC?',NULL,1,2,11),(425,'Which class is used to interact with the database in Entity Framework?',NULL,1,1,11),(426,'Which declaration is used to define a Route in ASP.NET MVC?',NULL,1,2,11),(427,'Which file contains routing configuration in ASP.NET MVC?',NULL,1,1,11),(428,'Test 1',NULL,1,1,1);
/*!40000 ALTER TABLE `t_question` ENABLE KEYS */;
UNLOCK TABLES;

--
-- Table structure for table `t_question_record`
--

DROP TABLE IF EXISTS `t_question_record`;
/*!40101 SET @saved_cs_client     = @@character_set_client */;
/*!50503 SET character_set_client = utf8mb4 */;
CREATE TABLE `t_question_record` (
  `question_record_id` int NOT NULL AUTO_INCREMENT,
  `examination_id` int DEFAULT NULL,
  `content` text NOT NULL,
  `image` varchar(255) DEFAULT NULL,
  `point` double NOT NULL,
  `type` int NOT NULL,
  `level` varchar(20) NOT NULL,
  PRIMARY KEY (`question_record_id`),
  KEY `FK4xm37o2u3unj0qx6x6djrswrp` (`examination_id`),
  CONSTRAINT `FK4xm37o2u3unj0qx6x6djrswrp` FOREIGN KEY (`examination_id`) REFERENCES `t_examination` (`examination_id`)
) ENGINE=InnoDB AUTO_INCREMENT=483 DEFAULT CHARSET=utf8mb4 COLLATE=utf8mb4_0900_ai_ci;
/*!40101 SET character_set_client = @saved_cs_client */;

--
-- Dumping data for table `t_question_record`
--

LOCK TABLES `t_question_record` WRITE;
/*!40000 ALTER TABLE `t_question_record` DISABLE KEYS */;
INSERT INTO `t_question_record` VALUES (116,13,'What will the following code print? printf(\'%c\', \'A\' + 1);',NULL,1,1,'EASY'),(117,13,'Which of the following correctly represents a string in C?',NULL,1,1,'EASY'),(118,13,'What will the following code output? (Image)','86d111f6-367e-4e9e-b0a8-68e4aebde405_2024-10-18_q7.png',1,1,'MEDIUM'),(119,13,'Which of the following can lead to undefined behavior in C?',NULL,1,2,'MEDIUM'),(120,13,'Which of the following statements about the bitwise operators is correct?',NULL,1,2,'MEDIUM'),(121,13,'What is the role of the preprocessor in C?',NULL,1,1,'EASY'),(122,13,'What does the keyword \'extern\' signify in C?',NULL,1,2,'HARD'),(123,13,'What is the correct way to include a header file in C?',NULL,1,1,'HARD'),(124,13,'Which of the following can be used to declare an array?',NULL,1,1,'EASY'),(125,13,'Which of the following is not a valid preprocessor directive in C?',NULL,1,1,'EASY'),(126,13,'Which of the following correctly describes the use of pointers?',NULL,1,1,'MEDIUM'),(127,13,'What is the output of this code snippet? (Image)','42211748-b35a-4c4f-a1e8-37131f77d771_2024-10-18_q14.png',1,1,'EASY'),(128,13,'Which of the following is used to deallocate memory in C?',NULL,1,1,'EASY'),(129,13,'What is the purpose of the return statement in a function?',NULL,1,1,'EASY'),(130,13,'Which of the following statements about loops is true?',NULL,1,1,'EASY'),(131,13,'What is the purpose of the #define preprocessor directive?',NULL,1,1,'EASY'),(132,14,'What is the correct syntax to declare a variable in C?',NULL,1,2,'HARD'),(133,14,'Which of the following is an example of a preprocessor directive?',NULL,1,1,'EASY'),(134,14,'Which of the following statements about arrays is true?',NULL,1,2,'EASY'),(135,14,'Which of the following are valid control flow statements in C?',NULL,1,2,'EASY'),(136,14,'Which of the following statements about error handling in C is true?',NULL,1,1,'MEDIUM'),(137,14,'What is the output of the following code snippet? printf(\'%d\', 5 + 2 * 3);',NULL,1,1,'EASY'),(138,14,'Which of the following statements about structures in C is true?',NULL,1,1,'EASY'),(139,14,'Which of the following statements about pointers is correct?',NULL,1,2,'MEDIUM'),(140,14,'Which of the following statements about file handling is incorrect?',NULL,1,2,'MEDIUM'),(141,14,'Which of the following is an example of a conditional statement?',NULL,1,2,'EASY'),(142,14,'What is the purpose of pointers in C?',NULL,1,1,'EASY'),(143,14,'What is the purpose of the sizeof operator in C?',NULL,1,1,'MEDIUM'),(144,14,'Which of the following statements about pointers is incorrect?',NULL,1,1,'MEDIUM'),(145,14,'Which of the following functions would you use to read from a file?',NULL,1,1,'MEDIUM'),(146,14,'What is the output of this code snippet? (Image)','addf3a66-348e-4f95-9c9a-a96e1ec79212_2024-10-18_q4.png',1,1,'EASY'),(147,14,'What does the keyword \'extern\' signify in C?',NULL,1,2,'HARD'),(148,14,'How do you declare a constant variable in C?',NULL,1,2,'EASY'),(149,14,'What is the output of the following code: printf(\'%d\', 10 + 20);',NULL,1,1,'EASY'),(150,15,'Which keyword is used to access a parent class method from a child class?',NULL,1,1,'MEDIUM'),(151,15,'Which of the following are valid PHP error handling methods?',NULL,1,2,'HARD'),(152,15,'Which of the following superglobal is used to collect form data submitted via POST?',NULL,1,1,'HARD'),(153,15,'Which of the following is the correct way to start a PHP block?',NULL,1,1,'EASY'),(154,15,'Which of these methods can be used to access an array element?',NULL,1,2,'MEDIUM'),(155,15,'What is the correct way to declare a constructor in PHP?',NULL,1,1,'HARD'),(156,15,'What is the correct way to define a class in PHP?',NULL,1,1,'EASY'),(157,15,'Which of the following functions can be used to debug a variable in PHP?',NULL,1,2,'EASY'),(158,15,'What is the purpose of the final keyword in PHP?',NULL,1,1,'HARD'),(159,15,'Which operator is used for concatenation of strings in PHP?',NULL,1,1,'EASY'),(160,15,'Which of these is the correct way to declare a variable in PHP?',NULL,1,1,'EASY'),(161,15,'What are valid ways to create an associative array in PHP?',NULL,1,2,'MEDIUM'),(162,15,'What is the output of echo 2 + \"5 apples\";?',NULL,1,1,'MEDIUM'),(163,15,'Which of these are valid ways to include external PHP code in your project?',NULL,1,2,'EASY'),(164,15,'Which function is used to print a message in PHP?',NULL,1,1,'EASY'),(165,15,'Which of the following are valid data types in PHP?',NULL,1,2,'EASY'),(166,16,'Which of the following are correct error handling mechanisms in C?',NULL,1,2,'MEDIUM'),(167,16,'Which of the following statements about dynamic memory allocation is correct?',NULL,1,2,'MEDIUM'),(168,16,'What is the output of the following code snippet? int a = 5; printf(\'%d\', a++ + ++a);',NULL,1,1,'MEDIUM'),(169,16,'What is the purpose of the typedef keyword in C?',NULL,1,1,'MEDIUM'),(170,16,'What is the size of an int data type in C?',NULL,1,1,'EASY'),(171,16,'Which of the following is a valid pointer declaration?',NULL,1,1,'EASY'),(172,16,'Which of the following statements about structures is true?',NULL,1,2,'EASY'),(173,16,'Which of the following are control structures in C?',NULL,1,2,'EASY'),(174,16,'How do you declare a constant variable in C?',NULL,1,2,'EASY'),(175,16,'Which of the following is not a valid loop structure in C?',NULL,1,2,'EASY'),(176,16,'Which of the following are valid data types in C?',NULL,1,2,'EASY'),(177,16,'What will be the output of printf(\'%d\', 10 * 5);?',NULL,1,1,'EASY'),(178,16,'Which of the following are valid operators in C?',NULL,1,2,'EASY'),(179,16,'Which of the following is an example of a conditional statement?',NULL,1,2,'EASY'),(180,16,'Which of the following can lead to undefined behavior in C?',NULL,1,2,'MEDIUM'),(181,16,'What will the following code output? (Image)','7b3d45e4-2375-4688-8a33-d7471170522c_2024-10-18_q5.png',1,1,'MEDIUM'),(182,16,'Which of the following correctly initializes an array of integers?',NULL,1,1,'EASY'),(183,16,'What is the result of this expression: 10 / 3?',NULL,1,1,'EASY'),(184,17,'What are methods to access DOM elements in JavaScript?',NULL,1,2,'HARD'),(185,17,'Which function creates an alert box in JavaScript?',NULL,1,1,'MEDIUM'),(186,17,'Which properties can be used to adjust the margin in CSS?',NULL,1,2,'MEDIUM'),(187,17,'Which tag is used to create a hyperlink?',NULL,1,1,'EASY'),(188,17,'Which attribute is used to create hyperlinks in HTML?',NULL,1,1,'EASY'),(189,17,'Which value of the position property sets the element in a fixed position?',NULL,1,1,'MEDIUM'),(190,17,'Which property is used to set a border in CSS?',NULL,1,1,'EASY'),(191,17,'What is the correct syntax for including JavaScript in an HTML page?',NULL,1,1,'EASY'),(192,17,'Which method removes the last element of an array in JavaScript?',NULL,1,1,'MEDIUM'),(193,17,'What does HTML stand for?',NULL,1,1,'EASY'),(194,17,'Which keyword is used to declare a constant in JavaScript?',NULL,1,1,'EASY'),(195,17,'Which of the following is not a valid HTML5 tag?',NULL,1,1,'EASY'),(196,17,'What are the ways to add CSS to a web page?',NULL,1,2,'HARD'),(197,17,'Which value of the display property displays an element as a block?',NULL,1,1,'HARD'),(198,17,'Which property aligns the text to the center in CSS?',NULL,1,1,'EASY'),(199,17,'Which tag is used to create a paragraph in HTML?',NULL,1,1,'EASY'),(200,17,'Which CSS framework is the most popular?',NULL,1,1,'HARD'),(201,17,'Which statement will print \"Hello World\" in JavaScript?',NULL,1,1,'EASY'),(202,18,'What will the following code print? printf(\'%c\', \'A\' + 1);',NULL,1,1,'EASY'),(203,18,'Which functions are used for file I/O operations in C?',NULL,1,2,'MEDIUM'),(204,18,'What is the default return type of a function in C if no type is specified?',NULL,1,1,'EASY'),(205,18,'Which of the following are valid control flow statements in C?',NULL,1,2,'EASY'),(206,18,'Which of the following statements about arrays is true?',NULL,1,2,'HARD'),(207,18,'Which of the following statements about the bitwise operators is correct?',NULL,1,2,'MEDIUM'),(208,18,'Which of the following can be used to iterate through an array?',NULL,1,2,'EASY'),(209,18,'Which of the following functions are used for error handling in C?',NULL,1,2,'MEDIUM'),(210,18,'What is the purpose of pointers in C?',NULL,1,1,'EASY'),(211,18,'What does the keyword \'extern\' signify in C?',NULL,1,2,'HARD'),(212,18,'Which of the following statements about functions is false?',NULL,1,1,'MEDIUM'),(213,18,'What is the output of the following code snippet? printf(\'%d\', 5 + 2 * 3);',NULL,1,1,'EASY'),(214,18,'Which of the following is used to deallocate memory in C?',NULL,1,1,'EASY'),(215,18,'Which of the following is an example of a preprocessor directive?',NULL,1,1,'EASY'),(216,18,'What is the purpose of the #define preprocessor directive?',NULL,1,1,'EASY'),(217,18,'What is the output of this code snippet? (Image)','addf3a66-348e-4f95-9c9a-a96e1ec79212_2024-10-18_q4.png',1,1,'EASY'),(218,19,'What is the purpose of the using directive in C#?',NULL,1,1,'MEDIUM'),(219,19,'Which access modifier allows a member to be accessible within the same class and derived classes?',NULL,1,1,'EASY'),(220,19,'What is boxing in C#?',NULL,1,1,'HARD'),(221,19,'What does the static keyword mean when applied to a method?',NULL,1,1,'HARD'),(222,19,'Which class is used to work with files in C#?',NULL,1,1,'EASY'),(223,19,'What is the purpose of the async keyword?',NULL,1,1,'EASY'),(224,19,'What is the output of Console.WriteLine(3 / 2);?',NULL,1,1,'EASY'),(225,19,'Which types support multiple interfaces in C#?',NULL,1,2,'MEDIUM'),(226,19,'Which of the following is NOT a C# value type?',NULL,1,1,'EASY'),(227,19,'Which of the following are reference types in C#?',NULL,1,2,'EASY'),(228,19,'What is the purpose of the finally block in exception handling?',NULL,1,1,'MEDIUM'),(229,19,'Which keyword is used to inherit a class in C#?',NULL,1,1,'EASY'),(230,19,'Which of the following methods is used to read input from the console?',NULL,1,1,'EASY'),(231,19,'What is the default value of an uninitialized bool variable in C#?',NULL,1,1,'EASY'),(232,19,'Which keyword is used to define an interface in C#?',NULL,1,1,'EASY'),(233,19,'Which statements are true for polymorphism in C#?',NULL,1,2,'EASY'),(234,19,'Which of the following are valid access modifiers in C#?',NULL,1,2,'EASY'),(235,20,'What does the break statement do in a loop?',NULL,1,1,'EASY'),(236,20,'Which of the following can be used to declare an array?',NULL,1,1,'EASY'),(237,20,'Which of the following are valid operators in C?',NULL,1,2,'EASY'),(238,20,'What is the correct way to declare a function in C?\n',NULL,1,1,'MEDIUM'),(239,20,'What is the purpose of the #define preprocessor directive?',NULL,1,1,'EASY'),(240,20,'Which of the following correctly initializes an array of integers?',NULL,1,1,'EASY'),(241,20,'What are the properties of an array in C?',NULL,1,2,'EASY'),(242,20,'Which of the following is a valid declaration of a function in C?',NULL,1,1,'HARD'),(243,20,'What will the following code output? (Image)','7b3d45e4-2375-4688-8a33-d7471170522c_2024-10-18_q5.png',1,1,'MEDIUM'),(244,20,'Which of the following statements about arrays is true?',NULL,1,2,'EASY'),(245,20,'Which loop is guaranteed to execute at least once?',NULL,1,1,'HARD'),(246,20,'What is the output of this code snippet? (Image)','42211748-b35a-4c4f-a1e8-37131f77d771_2024-10-18_q14.png',1,1,'EASY'),(247,20,'Which of the following correctly declares a structure in C?',NULL,1,2,'EASY'),(248,20,'What is the purpose of the sizeof operator in C?',NULL,1,1,'MEDIUM'),(249,20,'Which of the following functions is used to read a single character from input?',NULL,1,1,'EASY'),(250,20,'Which of the following statements about the bitwise operators is correct?',NULL,1,2,'MEDIUM'),(251,21,'What is the main purpose of the Model in MVC?',NULL,1,1,'EASY'),(252,21,'Which method is used to redirect to a different action in a controller?',NULL,1,1,'MEDIUM'),(253,21,'When is TempData used in ASP.NET MVC?',NULL,1,1,'MEDIUM'),(254,21,'Which attribute is used to restrict access to actions for authenticated users?',NULL,1,1,'MEDIUM'),(255,21,'Which method in the controller is used to return a view?',NULL,1,1,'EASY'),(256,21,'Which file extension is used for Razor Views in .NET MVC?',NULL,1,1,'EASY'),(257,21,'What is the purpose of ViewBag in MVC?',NULL,1,1,'HARD'),(258,21,'What is the role of the Controller in the MVC pattern?',NULL,1,1,'EASY'),(259,21,'What is the purpose of the ActionResult class in ASP.NET MVC?',NULL,1,1,'EASY'),(260,21,'Which component handles URL routing in an ASP.NET MVC application?',NULL,1,1,'EASY'),(261,21,'Which mechanism ensures security against CSRF (Cross-Site Request Forgery) attacks in ASP.NET MVC?',NULL,1,1,'HARD'),(262,21,'How do you return JSON data from a Controller in ASP.NET MVC?',NULL,1,1,'MEDIUM'),(263,21,'Which tool is used to manage routing in .NET MVC?',NULL,1,1,'EASY'),(264,21,'What is Razor in .NET MVC?',NULL,1,1,'EASY'),(265,21,'What does Html.ActionLink() method do?',NULL,1,1,'EASY'),(266,21,'Which of the following is NOT a return type for an action method in .NET MVC?',NULL,1,1,'EASY'),(267,22,'Which of the following statements about pointers is incorrect?',NULL,1,1,'MEDIUM'),(268,22,'Which of the following statements about functions is false?',NULL,1,1,'MEDIUM'),(269,22,'Which of these are loop control statements in C?',NULL,1,2,'MEDIUM'),(270,22,'Which of the following can lead to memory leaks?',NULL,1,1,'MEDIUM'),(271,22,'Test 1',NULL,1,1,'EASY'),(272,22,'What is the purpose of the return statement in a function?',NULL,1,1,'EASY'),(273,22,'How do you declare a constant variable in C?',NULL,1,2,'EASY'),(274,22,'What is the correct way to include a header file in C?',NULL,1,1,'HARD'),(275,22,'What is the default return type of a function in C if no type is specified?',NULL,1,1,'EASY'),(276,22,'Which of the following statements about structures in C is true?',NULL,1,1,'EASY'),(277,22,'What is the output of the following code snippet? printf(\'%d\', 5 + 2 * 3);',NULL,1,1,'EASY'),(278,22,'What is the output of the following code: printf(\'%d\', 10 + 20);',NULL,1,1,'EASY'),(279,22,'Which of the following statements about error handling in C is true?',NULL,1,1,'MEDIUM'),(280,22,'What is the output of printf(\"%d\", 10 / 3); in C?',NULL,1,1,'EASY'),(281,22,'Which of the following statements about arrays is true?',NULL,1,2,'HARD'),(282,22,'Which of the following is a valid pointer declaration?',NULL,1,1,'EASY'),(283,22,'Which of the following are valid operators in C?',NULL,1,2,'EASY'),(284,23,'Which of the following is NOT a primitive data type in Java?',NULL,1,1,'EASY'),(285,23,'What is the purpose of the System.out.println() method?',NULL,1,1,'MEDIUM'),(286,23,'What does the finally block do in Java?',NULL,1,1,'EASY'),(287,23,'Who developed Java?',NULL,1,1,'EASY'),(288,23,'Which statements about constructors in Java are true?',NULL,1,2,'HARD'),(289,23,'Which keyword is used to create an object in Java?',NULL,1,1,'EASY'),(290,23,'Which keyword is used to create an object in Java?',NULL,1,1,'EASY'),(291,23,'What happens if the main() method is not declared in a Java program?',NULL,1,1,'EASY'),(292,23,'What is the size of an int data type in Java?',NULL,1,1,'EASY'),(293,23,'What is the return type of the hashCode() method in Java?',NULL,1,1,'EASY'),(294,23,'Which keyword is used to inherit a class in Java?',NULL,1,1,'MEDIUM'),(295,23,'Which of the following is not a reserved keyword in Java?',NULL,1,1,'EASY'),(296,23,'Which of the following access modifiers allows access only within the same package?',NULL,1,1,'EASY'),(297,23,'Which exception is thrown when dividing by zero in Java?',NULL,1,1,'HARD'),(298,23,'What is the default value of a boolean variable in Java?',NULL,1,1,'MEDIUM'),(299,23,'What does the == operator compare?',NULL,1,1,'MEDIUM'),(300,24,'Which function checks if a value is NaN (Not-a-Number) in JavaScript?',NULL,1,1,'MEDIUM'),(301,24,'What is the result of typeof null in JavaScript?',NULL,1,1,'MEDIUM'),(302,24,'Which CSS property changes the size of the font?',NULL,1,1,'EASY'),(303,24,'Primitive data types in JavaScript include:',NULL,1,2,'EASY'),(304,24,'What does the <br> tag do in HTML?',NULL,1,1,'EASY'),(305,24,'Which tag is considered a block-level element?',NULL,1,1,'MEDIUM'),(306,24,'What is the correct syntax for including JavaScript in an HTML page?',NULL,1,1,'EASY'),(307,24,'How do you create a single-line comment in JavaScript?',NULL,1,1,'EASY'),(308,24,'Which method removes the last element of an array in JavaScript?',NULL,1,1,'MEDIUM'),(309,24,'Which CSS property is used to change the background color of an element?',NULL,1,1,'EASY'),(310,24,'What is the syntax for including CSS in an HTML document?',NULL,1,1,'EASY'),(311,24,'New HTML5 tags include:',NULL,1,2,'HARD'),(312,24,'Which property is used to set a border in CSS?',NULL,1,1,'EASY'),(313,24,'Which event occurs when the user clicks on an HTML element?',NULL,1,1,'EASY'),(314,24,'Which CSS property is used to change the font of an element?',NULL,1,1,'EASY'),(315,24,'Which properties can be used to adjust the margin in CSS?',NULL,1,2,'MEDIUM'),(316,25,'How do you declare a constant variable in C?',NULL,1,2,'EASY'),(317,25,'What is the correct format specifier for printing an integer in C?',NULL,1,1,'EASY'),(318,25,'What will the following code output? (Image)','8c4f7942-600e-449e-a637-915cd29e7bbc_2024-10-18_q10.png',1,1,'MEDIUM'),(319,25,'Which of the following is not a valid preprocessor directive in C?',NULL,1,1,'EASY'),(320,25,'What is the purpose of the malloc() function?',NULL,1,1,'MEDIUM'),(321,25,'What is the purpose of the sizeof operator in C?',NULL,1,1,'MEDIUM'),(322,25,'What will the following code print? printf(\'%c\', \'A\' + 1);',NULL,1,1,'EASY'),(323,25,'Which operator is used to access the value of a pointer in C?',NULL,1,1,'EASY'),(324,25,'What is the correct syntax to declare an array of 10 integers?',NULL,1,1,'EASY'),(325,25,'Which of the following is a valid declaration of a function in C?',NULL,1,1,'HARD'),(326,25,'What is the correct syntax to declare a variable in C?',NULL,1,2,'HARD'),(327,25,'Which of the following is an example of a conditional statement?',NULL,1,2,'EASY'),(328,25,'Which of the following correctly declares a structure in C?',NULL,1,2,'EASY'),(329,25,'Which of the following is an example of a preprocessor directive?',NULL,1,1,'EASY'),(330,25,'What is the output of the following code snippet? int a = 5; printf(\'%d\', a++ + ++a);',NULL,1,1,'MEDIUM'),(331,25,'What will be the output of printf(\'%d\', 10 * 5);?',NULL,1,1,'EASY'),(332,34,'Which of the following are control structures in C?',NULL,1,2,'EASY'),(333,34,'What is a function prototype in C?',NULL,1,1,'EASY'),(334,34,'Which of the following statements about structures is true?',NULL,1,2,'EASY'),(335,34,'Which of the following are valid control flow statements in C?',NULL,1,2,'EASY'),(336,34,'Which of the following can dynamically allocate memory in C?',NULL,1,2,'MEDIUM'),(337,34,'Which of the following can be used to iterate through an array?',NULL,1,2,'EASY'),(338,34,'Which of the following statements about the bitwise operators is correct?',NULL,1,2,'MEDIUM'),(339,34,'What is the output of this code snippet? (Image)','addf3a66-348e-4f95-9c9a-a96e1ec79212_2024-10-18_q4.png',1,1,'EASY'),(340,34,'Which of the following is not a valid preprocessor directive in C?',NULL,1,1,'EASY'),(341,34,'Which of the following functions would you use to read from a file?',NULL,1,1,'MEDIUM'),(342,34,'What is the output of the following code snippet? int a = 5; printf(\'%d\', a++ + ++a);',NULL,1,1,'MEDIUM'),(343,34,'What is the purpose of the #define preprocessor directive?',NULL,1,1,'EASY'),(344,34,'Which of the following correctly represents a string in C?',NULL,1,1,'EASY'),(345,34,'Which of the following statements about loops is true?',NULL,1,1,'EASY'),(346,34,'Which functions are used for file I/O operations in C?',NULL,1,2,'MEDIUM'),(347,34,'Which function is used to allocate memory dynamically in C?',NULL,1,1,'MEDIUM'),(348,NULL,'Which tags are used to create lists in HTML?',NULL,1,2,'MEDIUM'),(349,NULL,'What are the ways to add CSS to a web page?',NULL,2.5,2,'HARD'),(350,NULL,'Which variable cannot be reassigned after its declaration in JavaScript?',NULL,2.5,1,'HARD'),(351,NULL,'Which property is used to set a border in CSS?',NULL,1,1,'EASY'),(352,NULL,'Which tag is considered a block-level element?',NULL,1,1,'MEDIUM'),(353,NULL,'What is the main use of the <meta> tag in HTML?',NULL,2.5,1,'HARD'),(354,NULL,'Which method removes the last element of an array in JavaScript?',NULL,1,1,'MEDIUM'),(355,NULL,'Which property aligns the text to the center in CSS?',NULL,1,1,'EASY'),(356,NULL,'Which CSS property changes the size of the font?',NULL,1,1,'EASY'),(357,NULL,'Which statement will print \"Hello World\" in JavaScript?',NULL,1,1,'EASY'),(358,NULL,'Which CSS property is used to change the font of an element?',NULL,1,1,'EASY'),(359,NULL,'What does the <head> tag contain in an HTML document?',NULL,1,1,'MEDIUM'),(360,NULL,'Which keyword is used to declare a constant in JavaScript?',NULL,1,1,'EASY'),(361,39,'Which of these are loop control statements in C?',NULL,1,2,'MEDIUM'),(362,39,'What are the properties of an array in C?',NULL,1,2,'EASY'),(363,40,'What does the <head> tag contain in an HTML document?',NULL,1,1,'MEDIUM'),(364,40,'Which CSS property is used to change the font of an element?',NULL,1,1,'EASY'),(365,40,'Which statement will print \"Hello World\" in JavaScript?',NULL,1,1,'EASY'),(366,40,'Which CSS property changes the size of the font?',NULL,1,1,'EASY'),(367,40,'Which property aligns the text to the center in CSS?',NULL,1,1,'EASY'),(368,40,'Which method removes the last element of an array in JavaScript?',NULL,1,1,'MEDIUM'),(369,40,'Which variable cannot be reassigned after its declaration in JavaScript?',NULL,2.5,1,'HARD'),(370,40,'What are the ways to add CSS to a web page?',NULL,2.5,2,'HARD'),(371,40,'Which tags are used to create lists in HTML?',NULL,1,2,'MEDIUM'),(372,40,'Primitive data types in JavaScript include:',NULL,1,2,'EASY'),(373,40,'What are methods to access DOM elements in JavaScript?',NULL,2.5,2,'HARD'),(374,40,'Which properties can be used to adjust the margin in CSS?',NULL,1,2,'MEDIUM'),(375,40,'Which methods can be used to iterate over array elements in JavaScript?',NULL,2.5,2,'HARD'),(376,40,'Which values of the display property create a flexbox layout?',NULL,1,2,'MEDIUM'),(377,40,'Which properties are used to control colors in CSS?',NULL,1,2,'EASY'),(378,41,'Which of the following is NOT a C# value type?',NULL,1,1,'EASY'),(379,41,'What is the output of Console.WriteLine(3 / 2);?',NULL,1,1,'EASY'),(380,41,'What is the purpose of the finally block in exception handling?',NULL,1,1,'MEDIUM'),(381,41,'Which of these can be used to represent a single character in C#?',NULL,1,1,'EASY'),(382,41,'Which keyword is used to define an interface in C#?',NULL,1,1,'EASY'),(383,41,'Which class is used to work with files in C#?',NULL,1,1,'EASY'),(384,41,'Which type of inheritance is NOT supported in C#?',NULL,1,1,'MEDIUM'),(385,41,'Which of the following are reference types in C#?',NULL,1,2,'EASY'),(386,41,'Which of the following statements are true about the abstract keyword?',NULL,2.5,2,'HARD'),(387,41,'Which types support multiple interfaces in C#?',NULL,1,2,'MEDIUM'),(388,42,'What does the synchronized keyword do in Java?',NULL,1,1,'MEDIUM'),(389,42,'Which method in the Thread class pauses the execution for a specific time?',NULL,1,1,'EASY'),(390,42,'What does @FunctionalInterface indicate in Java?',NULL,1,1,'MEDIUM'),(391,42,'What is the purpose of Reflection in Java?',NULL,2.5,1,'HARD'),(392,42,'Which Java class is used for creating secure socket connections?',NULL,1,1,'MEDIUM'),(393,42,'Which of the following is used to add elements to a HashMap?',NULL,1,1,'EASY'),(394,42,'What is the result of calling Collections.sort() on a list?',NULL,1,1,'EASY'),(395,42,'Which of the following are methods of the Thread class?',NULL,1,2,'EASY'),(396,42,'Which interfaces are part of the java.util.concurrent package?',NULL,2.5,2,'HARD'),(397,42,'What are the benefits of using the Stream API?',NULL,2.5,2,'HARD'),(408,43,'What is the output of the following code snippet? int a = 5; printf(\'%d\', a++ + ++a);',NULL,1,1,'MEDIUM'),(409,43,'What is the correct format specifier for printing an integer in C?',NULL,1,1,'EASY'),(410,43,'Which function is used to allocate memory dynamically in C?',NULL,1,1,'MEDIUM'),(411,43,'What is the output of printf(\"%d\", 10 / 3); in C?',NULL,1,1,'EASY'),(412,43,'Which operator is used to access the value of a pointer in C?',NULL,1,1,'EASY'),(413,43,'Which of the following functions is used to read a single character from input?',NULL,1,1,'EASY'),(414,43,'What is the correct syntax to declare an array of 10 integers?',NULL,1,1,'EASY'),(415,43,'What does the % operator do in C?',NULL,1,1,'EASY'),(416,43,'What is the correct way to declare a function in C?\n',NULL,1,1,'MEDIUM'),(417,43,'Test 1',NULL,1,2,'EASY'),(450,44,'What will the following code output? (Image)','8c4f7942-600e-449e-a637-915cd29e7bbc_2024-10-18_q10.png',1,1,'MEDIUM'),(451,44,'Which of the following are valid control flow statements in C?',NULL,1,2,'EASY'),(452,44,'Which of the following statements about pointers is correct?',NULL,1,2,'MEDIUM'),(453,44,'Which of the following correctly declares a structure in C?',NULL,1,2,'EASY'),(454,44,'Which of the following statements about arrays is true?',NULL,1,2,'EASY'),(455,44,'Which of the following functions can be used to compare two strings?',NULL,2.5,1,'HARD'),(456,44,'Which of the following statements about structures in C is true?',NULL,1,1,'EASY'),(457,44,'What is the role of the preprocessor in C?',NULL,1,1,'EASY'),(458,44,'Which of the following correctly describes the use of pointers?',NULL,1,1,'MEDIUM'),(459,44,'What is the default return type of a function in C if no type is specified?',NULL,1,1,'EASY'),(460,44,'Which of the following is an example of a preprocessor directive?',NULL,1,1,'EASY'),(461,44,'Which of the following correctly initializes an array of integers?',NULL,1,1,'EASY'),(462,44,'Which of the following statements about error handling in C is true?',NULL,1,1,'MEDIUM'),(463,44,'Which operator is used to access the value of a pointer in C?',NULL,1,1,'EASY'),(464,44,'What does the sizeof() operator return?',NULL,1,1,'EASY'),(465,44,'Which of these are features of the C programming language?',NULL,2.5,2,'HARD'),(466,45,'Which of the following are advantages of using generics in Java?',NULL,1,2,'MEDIUM'),(467,45,'Which statement about the java.nio package is true?',NULL,2.5,1,'HARD'),(468,45,'What is a correct way to declare a generic method in Java?',NULL,1,1,'EASY'),(469,45,'What is the use of the volatile keyword?',NULL,1,1,'EASY'),(470,45,'What is the primary purpose of the ExecutorService in Java?',NULL,1,1,'EASY'),(471,45,'What is the result of calling Collections.sort() on a list?',NULL,1,1,'EASY'),(472,45,'What is the role of Callable compared to Runnable?',NULL,1,1,'EASY'),(473,45,'Which statement about Streams in Java is correct?',NULL,1,1,'EASY'),(474,45,'What does JDBC stand for?',NULL,1,1,'EASY'),(475,45,'Which method in the Thread class pauses the execution for a specific time?',NULL,1,1,'EASY'),(476,45,'What does the try-with-resources statement ensure?',NULL,1,1,'MEDIUM'),(477,45,'What does the synchronized keyword do in Java?',NULL,1,1,'MEDIUM'),(478,45,'What are the benefits of using the Stream API?',NULL,2.5,2,'HARD'),(479,45,'Which package contains the Scanner class?',NULL,1,1,'EASY'),(480,45,'Which interfaces are part of the java.util.concurrent package?',NULL,2.5,2,'HARD'),(481,45,'Which class is used to create a thread-safe collection?',NULL,1,1,'MEDIUM'),(482,45,'Which Java version introduced lambda expressions?',NULL,1,1,'EASY');
/*!40000 ALTER TABLE `t_question_record` ENABLE KEYS */;
UNLOCK TABLES;

--
-- Table structure for table `t_role`
--

DROP TABLE IF EXISTS `t_role`;
/*!40101 SET @saved_cs_client     = @@character_set_client */;
/*!50503 SET character_set_client = utf8mb4 */;
CREATE TABLE `t_role` (
  `role_id` int NOT NULL AUTO_INCREMENT,
  `description` varchar(255) DEFAULT NULL,
  `name` varchar(20) NOT NULL,
  PRIMARY KEY (`role_id`)
) ENGINE=InnoDB AUTO_INCREMENT=6 DEFAULT CHARSET=utf8mb4 COLLATE=utf8mb4_0900_ai_ci;
/*!40101 SET character_set_client = @saved_cs_client */;

--
-- Dumping data for table `t_role`
--

LOCK TABLES `t_role` WRITE;
/*!40000 ALTER TABLE `t_role` DISABLE KEYS */;
INSERT INTO `t_role` VALUES (1,NULL,'ADMIN'),(2,NULL,'DIRECTOR'),(3,NULL,'TEACHER'),(4,NULL,'SRO'),(5,NULL,'STUDENT');
/*!40000 ALTER TABLE `t_role` ENABLE KEYS */;
UNLOCK TABLES;

--
-- Table structure for table `t_sem`
--

DROP TABLE IF EXISTS `t_sem`;
/*!40101 SET @saved_cs_client     = @@character_set_client */;
/*!50503 SET character_set_client = utf8mb4 */;
CREATE TABLE `t_sem` (
  `sem_id` int NOT NULL AUTO_INCREMENT,
  `name` varchar(10) NOT NULL,
  PRIMARY KEY (`sem_id`)
) ENGINE=InnoDB AUTO_INCREMENT=5 DEFAULT CHARSET=utf8mb4 COLLATE=utf8mb4_0900_ai_ci;
/*!40101 SET character_set_client = @saved_cs_client */;

--
-- Dumping data for table `t_sem`
--

LOCK TABLES `t_sem` WRITE;
/*!40000 ALTER TABLE `t_sem` DISABLE KEYS */;
INSERT INTO `t_sem` VALUES (1,'SEM 1'),(2,'SEM 2'),(3,'SEM 3'),(4,'SEM 4');
/*!40000 ALTER TABLE `t_sem` ENABLE KEYS */;
UNLOCK TABLES;

--
-- Table structure for table `t_student_answer`
--

DROP TABLE IF EXISTS `t_student_answer`;
/*!40101 SET @saved_cs_client     = @@character_set_client */;
/*!50503 SET character_set_client = utf8mb4 */;
CREATE TABLE `t_student_answer` (
  `student_answer_id` int NOT NULL AUTO_INCREMENT,
  `mark_id` int DEFAULT NULL,
  `question_record_id` int DEFAULT NULL,
  `selected_answer_id` int NOT NULL,
  PRIMARY KEY (`student_answer_id`),
  KEY `FKtippylumo5l49f7drgo8x4y39` (`mark_id`),
  KEY `FK4l28f4hv2mu0f7skxpkvxbtqn` (`question_record_id`),
  CONSTRAINT `FK4l28f4hv2mu0f7skxpkvxbtqn` FOREIGN KEY (`question_record_id`) REFERENCES `t_question_record` (`question_record_id`),
  CONSTRAINT `FKtippylumo5l49f7drgo8x4y39` FOREIGN KEY (`mark_id`) REFERENCES `t_mark` (`mark_id`)
) ENGINE=InnoDB AUTO_INCREMENT=263 DEFAULT CHARSET=utf8mb4 COLLATE=utf8mb4_0900_ai_ci;
/*!40101 SET character_set_client = @saved_cs_client */;

--
-- Dumping data for table `t_student_answer`
--

LOCK TABLES `t_student_answer` WRITE;
/*!40000 ALTER TABLE `t_student_answer` DISABLE KEYS */;
INSERT INTO `t_student_answer` VALUES (14,26,160,639),(15,26,162,648),(16,26,156,624),(17,26,153,611),(18,26,164,656),(19,26,150,600),(20,26,159,636),(21,26,161,643),(22,26,161,644),(23,26,163,649),(24,26,163,651),(25,26,155,618),(26,26,152,606),(27,26,154,613),(28,26,154,614),(29,26,157,628),(30,26,157,626),(31,26,165,657),(32,26,165,659),(33,26,165,660),(34,26,151,602),(35,26,158,631),(36,27,176,704),(37,27,176,703),(38,27,181,723),(39,27,166,664),(40,27,166,661),(41,27,179,714),(42,27,179,713),(43,27,168,671),(44,27,174,694),(45,27,174,696),(46,27,167,665),(47,27,167,668),(48,27,170,677),(49,27,182,726),(50,27,173,689),(51,27,173,692),(52,27,183,731),(53,27,180,719),(54,27,180,720),(55,27,175,699),(56,27,175,697),(57,27,169,673),(58,27,172,685),(59,27,178,710),(60,27,178,709),(61,27,178,711),(62,27,171,681),(63,27,177,708),(64,35,194,773),(65,35,193,769),(66,35,199,795),(67,35,189,754),(68,35,201,802),(69,35,197,787),(70,35,190,757),(71,35,191,761),(72,35,185,737),(73,35,187,745),(74,35,198,789),(75,35,200,798),(76,35,196,783),(77,35,196,784),(78,35,196,782),(79,35,184,736),(80,35,184,735),(81,35,188,751),(82,35,192,766),(83,35,195,780),(84,35,186,742),(85,35,186,744),(86,40,217,867),(87,40,202,805),(88,40,216,864),(89,40,207,828),(90,40,207,825),(91,40,208,830),(92,40,208,831),(93,40,209,836),(94,40,213,851),(95,40,204,814),(96,40,210,840),(97,40,205,817),(98,40,205,818),(99,40,214,856),(100,40,206,822),(101,40,206,824),(102,40,211,841),(103,40,215,857),(104,40,203,810),(105,40,203,812),(106,42,202,806),(107,42,217,868),(108,42,204,815),(109,42,211,842),(110,42,211,841),(111,42,205,819),(112,42,207,827),(113,42,216,864),(114,42,213,851),(115,42,214,855),(116,42,209,836),(117,42,209,833),(118,42,203,810),(119,42,203,809),(120,42,203,812),(121,42,215,857),(122,42,208,830),(123,42,208,832),(124,42,208,829),(125,42,210,840),(126,42,206,824),(127,42,206,822),(128,42,212,848),(129,41,205,817),(130,41,205,818),(131,41,205,820),(132,41,216,862),(133,41,207,825),(134,41,207,826),(135,41,206,824),(136,41,206,822),(137,41,202,805),(138,41,203,809),(139,41,203,811),(140,41,209,834),(141,41,209,835),(142,41,204,816),(143,41,213,852),(144,41,212,845),(145,41,214,853),(146,41,210,838),(147,41,208,829),(148,41,208,830),(149,41,217,868),(150,41,215,858),(151,41,211,842),(152,41,211,844),(153,62,226,904),(154,62,231,921),(155,62,224,894),(156,62,233,929),(157,62,233,931),(158,62,228,911),(159,62,225,898),(160,62,225,897),(161,62,227,907),(162,62,227,905),(163,62,219,875),(164,62,222,885),(165,62,218,870),(166,62,229,916),(167,62,232,926),(168,62,230,920),(169,62,220,878),(170,62,234,936),(171,62,234,935),(172,62,221,882),(173,62,223,892),(174,56,218,871),(175,56,232,926),(176,56,223,892),(177,56,225,898),(178,56,225,897),(179,56,226,904),(180,56,220,880),(181,56,230,920),(182,56,219,875),(183,56,234,936),(184,56,234,935),(185,56,233,931),(186,56,233,930),(187,56,228,910),(188,56,231,923),(189,56,222,885),(190,56,221,881),(191,56,224,894),(192,56,229,916),(193,56,227,908),(194,56,227,906),(195,97,254,1015),(196,97,258,1031),(197,97,255,1018),(198,97,260,1038),(199,97,251,1001),(200,97,259,1035),(201,97,266,1061),(202,97,265,1058),(203,97,256,1024),(204,97,264,1053),(205,97,261,1043),(206,97,263,1051),(207,97,262,1046),(208,97,253,1009),(209,97,252,1005),(210,97,257,1026),(211,102,274,1093),(212,102,272,1088),(213,102,273,1090),(214,102,273,1092),(215,102,276,1102),(216,102,267,1067),(217,102,269,1074),(218,102,269,1073),(219,102,282,1127),(220,102,283,1132),(221,102,283,1130),(222,102,278,1111),(223,102,279,1113),(224,102,275,1097),(225,102,270,1079),(226,102,281,1124),(227,102,281,1123),(228,102,277,1108),(229,102,268,1070),(230,102,271,1084),(231,102,280,1117),(232,117,300,1199),(233,117,312,1245),(234,117,307,1227),(235,117,313,1251),(236,117,302,1205),(237,117,311,1242),(238,117,311,1241),(239,117,308,1232),(240,117,304,1214),(241,117,305,1219),(242,117,310,1239),(243,117,301,1204),(244,117,303,1212),(245,117,303,1209),(246,117,306,1221),(247,117,315,1258),(248,117,315,1260),(249,117,309,1234),(250,117,314,1256),(251,127,383,1529),(252,127,385,1537),(253,127,385,1539),(254,127,387,1545),(255,127,381,1524),(256,127,382,1527),(257,127,384,1534),(258,127,379,1513),(259,127,380,1520),(260,127,378,1510),(261,127,386,1541),(262,127,386,1544);
/*!40000 ALTER TABLE `t_student_answer` ENABLE KEYS */;
UNLOCK TABLES;

--
-- Table structure for table `t_student_detail`
--

DROP TABLE IF EXISTS `t_student_detail`;
/*!40101 SET @saved_cs_client     = @@character_set_client */;
/*!50503 SET character_set_client = utf8mb4 */;
CREATE TABLE `t_student_detail` (
  `user_id` int NOT NULL,
  `roll_number` varchar(20) NOT NULL,
  `roll_portal` varchar(20) NOT NULL,
  `class_id` int DEFAULT NULL,
  PRIMARY KEY (`user_id`),
  KEY `FK16qx54f4qlxm1evuhon2oxiiv` (`class_id`),
  CONSTRAINT `FK16qx54f4qlxm1evuhon2oxiiv` FOREIGN KEY (`class_id`) REFERENCES `t_class` (`class_id`),
  CONSTRAINT `FKqcxrbd58q57vwcm3stdevjkks` FOREIGN KEY (`user_id`) REFERENCES `t_user` (`user_id`)
) ENGINE=InnoDB DEFAULT CHARSET=utf8mb4 COLLATE=utf8mb4_0900_ai_ci;
/*!40101 SET character_set_client = @saved_cs_client */;

--
-- Dumping data for table `t_student_detail`
--

LOCK TABLES `t_student_detail` WRITE;
/*!40000 ALTER TABLE `t_student_detail` DISABLE KEYS */;
INSERT INTO `t_student_detail` VALUES (17,'C2403G1200','Student1459877',2),(18,'C2403G1201','Student1459878',2),(19,'C2403G1203','Student1459879',2),(20,'C2403G1204','Student1459880',2),(21,'C2403G1205','Student1459881',2),(22,'C2403G1206','Student1459882',2),(23,'C2409L1001','Student0000010',1),(24,'C2409L1002','Student0000011',1),(25,'C2409L1003','Student0000012',1),(26,'C2409L1004','Student0000013',1),(27,'C2409L1005','Student0000014',1),(28,'C2409L1006','Student0000015',1),(29,'C2409L1007','Student0000016',2),(30,'C2409L1008','Student0000017',1),(31,'C2409L1009','Student0000018',1),(32,'C2409L1010','Student0000019',1),(33,'C2409L1011','Student0000020',1),(34,'C2409L1012','Student0000021',1),(35,'C2409L1013','Student0000022',1),(36,'C2409L1014','Student0000023',2),(37,'C2409L1015','Student0000024',2),(38,'C2409L1016','Student0000025',2),(39,'C2409L1017','Student0000026',NULL),(40,'C2409L1018','Student0000027',2),(41,'C2409L1019','Student0000028',3),(42,'C2409L1020','Student0000029',3);
/*!40000 ALTER TABLE `t_student_detail` ENABLE KEYS */;
UNLOCK TABLES;

--
-- Table structure for table `t_subject`
--

DROP TABLE IF EXISTS `t_subject`;
/*!40101 SET @saved_cs_client     = @@character_set_client */;
/*!50503 SET character_set_client = utf8mb4 */;
CREATE TABLE `t_subject` (
  `subject_id` int NOT NULL AUTO_INCREMENT,
  `image` varchar(255) DEFAULT NULL,
  `name` varchar(100) NOT NULL,
  `status` int NOT NULL,
  `sem_id` int DEFAULT NULL,
  PRIMARY KEY (`subject_id`),
  KEY `FKp03kvp7dkqwcfcdpwwm8qirus` (`sem_id`),
  CONSTRAINT `FKp03kvp7dkqwcfcdpwwm8qirus` FOREIGN KEY (`sem_id`) REFERENCES `t_sem` (`sem_id`)
) ENGINE=InnoDB AUTO_INCREMENT=22 DEFAULT CHARSET=utf8mb4 COLLATE=utf8mb4_0900_ai_ci;
/*!40101 SET character_set_client = @saved_cs_client */;

--
-- Dumping data for table `t_subject`
--

LOCK TABLES `t_subject` WRITE;
/*!40000 ALTER TABLE `t_subject` DISABLE KEYS */;
INSERT INTO `t_subject` VALUES (1,'afbcd739-613d-4ab8-8bea-6d1c8bcb6aaa_2024-11-23_C_Logo.png','EPC',1,1),(2,'e0823200-0019-4ee7-919d-c36e0e417591_2024-11-23_HTML_CSS_JS_Logo.png','HTML, CSS, JS',1,1),(3,'eb0925c1-8290-45c4-b0b1-2f3bec850885_2024-10-29_images.png','AngularJS',0,1),(4,NULL,'AngularJS2',0,1),(5,'2a587210-c40e-4e7e-a80b-e823c25c2e41_2024-11-23_SQLServer_Logo.png','SQL',1,1),(6,'f511bc0e-4363-40b9-a747-0903f3e80a9d_2024-11-23_PHP_Logo.png','PHP',1,1),(7,'5cd6b727-ba73-48ea-ad29-61ab2e3081ca_2024-11-23_Java_Logo.png','Java 1',1,2),(8,'4b644fd2-060d-47b0-8bd5-7a1a7df46e16_2024-11-23_Java_Logo.png','Java 2',1,2),(9,'b9be8965-57ef-4bac-a75e-2d9049844f2f_2024-11-23_MongoDB_Logo.png','Mongo DB',1,2),(10,'81fd622e-8209-4c52-b28f-2b74ef468def_2024-11-23_CSharp_Logo.png','AP',1,2),(11,'0cc5ce96-a86a-4087-8d68-f145a5de01a5_2024-11-23_MVC_Logo.png','MVC',1,3),(12,NULL,'DMA',1,3),(13,NULL,'SMAC',1,3),(14,'aa201fa9-c98c-40e2-aa43-fb39c98c365b_2024-11-23_NodeJS_Logo.png','NodeJS',1,3),(15,'3d28dce1-d1f5-43dc-9fd3-321d15252e78_2024-10-29_images.png','WCD',0,4),(16,'289c8c6c-1166-403c-be05-73e4d0ad6579_2024-11-23_Spring_Framework_Logo.png','IASF',1,4),(17,NULL,'EAD',1,4),(18,NULL,'WS',1,4),(19,'d112b01a-deca-4212-8bce-88f39a2ff571_2024-11-23_Dart_Logo.png','IDP',1,4),(20,'90e5f8b6-5b73-47e7-a60e-9110e2458159_2024-11-23_Flutter_Logo.png','ADUF',1,4),(21,'','test',0,1);
/*!40000 ALTER TABLE `t_subject` ENABLE KEYS */;
UNLOCK TABLES;

--
-- Table structure for table `t_user`
--

DROP TABLE IF EXISTS `t_user`;
/*!40101 SET @saved_cs_client     = @@character_set_client */;
/*!50503 SET character_set_client = utf8mb4 */;
CREATE TABLE `t_user` (
  `user_id` int NOT NULL AUTO_INCREMENT,
  `address` varchar(255) NOT NULL,
  `dob` date NOT NULL,
  `email` varchar(255) NOT NULL,
  `full_name` varchar(100) NOT NULL,
  `gender` int NOT NULL,
  `password` varchar(255) NOT NULL,
  `phone_number` varchar(10) NOT NULL,
  `status` int NOT NULL,
  `role_id` int DEFAULT NULL,
  PRIMARY KEY (`user_id`),
  KEY `FK76cs7cu4h4y8vc1vd4qyw36rt` (`role_id`),
  CONSTRAINT `FK76cs7cu4h4y8vc1vd4qyw36rt` FOREIGN KEY (`role_id`) REFERENCES `t_role` (`role_id`)
) ENGINE=InnoDB AUTO_INCREMENT=43 DEFAULT CHARSET=utf8mb4 COLLATE=utf8mb4_0900_ai_ci;
/*!40101 SET character_set_client = @saved_cs_client */;

--
-- Dumping data for table `t_user`
--

LOCK TABLES `t_user` WRITE;
/*!40000 ALTER TABLE `t_user` DISABLE KEYS */;
INSERT INTO `t_user` VALUES (1,'Admin','2000-01-01','admin@example.com','Admin',1,'$2a$10$V3aWiCjYH2NKOFs4BIAWFOQkbjitH5tRCiwuXnzf7DafcFREA/mNG','0987654321',1,1),(2,'Ha Noi','2002-11-21','ngduydai21@gmail.com','Nguyen Duy Dai',1,'$2a$10$C4q.q9EcyaoCBb4GIta2XOMmx5Xbb.qzOx3n4adJsctn.vyLmVh.S','0986720021',1,2),(3,'Ho Chi Minh City','1995-05-15','lethimai25@gmail.com','Le Thi Mai',2,'$2a$10$DYdRiRXu4crEvI1S.edgCetgqpTz8nu1oPw3Bdm7BE.Ym.5If2qNC','0912345678',1,2),(4,'Hanoi','1985-01-10','nguyenvanan@example.com','Nguyen Van An',1,'$2a$10$NqZACdO8YBkyWAvFcjP5G.a1p8LqHKorsU3mcYMvxmWCn3oY2ikky','0912345671',1,3),(5,'HCM City','1990-02-20','tranthibao@example.com','Tran Thi Bao',2,'$2a$10$yhiPU7fsJ1DC7/XkaQ7gRepsQ0UgeGV1ax4l6WOaDy/bv5KFBRTF.','0912345672',1,3),(6,'Da Nang','1987-03-30','levancuong@example.com','Le Van Cuong',1,'$2a$10$aUVOP6Py60tkcPYBLz92Wue9EMYIjL1iZt8sa93V5e.Dl8Y5c5.aa','0912345673',1,3),(7,'Hue','1992-04-15','phamthidung@example.com','Pham Thi Dung',2,'$2a$10$y9XYnII5ohqu5CFa0K8tkeVF9G51TSz/QzOG84JqLgcef3hcnjVE2','0912345674',1,4),(8,'Can Tho','1989-05-25','hoangvanduc@example.com','Hoang Van Duc',1,'$2a$10$hocLr0v8nknLN0h/jFflNuZZmaQujdWvIdpcYp9FjNe3vK.dZNN.a','0912345675',1,4),(9,'Hai Phong','1994-06-10','vuthie@example.com','Vu Thi E',2,'$2a$10$TgjrSjcND3JaKEsJ/XmSCOwi66AKNYHCRCRY55OBRAJLYLBylHK7.','0912345676',1,4),(10,'Vinh','1988-07-20','nguyenthihoa@example.com','Nguyen Thi Hoa',2,'$2a$10$NnFIwufFeplgM0AzS07E4.Tmi/LTQSOqY5NFrIbr/dLu3quCaPnAW','0912345677',1,3),(11,'Nha Trang','1993-09-15','dothilan@example.com','Do Thi Lan',2,'$2a$10$ToEBJ12vnqzRDjrnQw1niuwMgp99Px8rwrVQLgPhMO.eOS1l4JDj.','0912345679',1,3),(12,'Bac Giang','1986-10-05','nguyenvanminh@example.com','Nguyen Van Minh',1,'$2a$10$JSaEpGmKzorkVVb8uQohsu3MI0saU5b2eIX3ltoCoRlQGcLNSsFZO','0912345680',1,3),(13,'Long An','1990-11-25','lethinga@example.com','Le Thi Nga',2,'$2a$10$OeItw7qHaFBsCjWpIQ/fOO.yxZ2zgW/.jVaRJgO2wKlVNTtQr8Sie','0912345681',1,3),(14,'Binh Duong','1987-12-20','phamvano@example.com','Pham Van O',1,'$2a$10$pGV8qXDCQweAMq04RWC5ouZ08ai8B58H6Zjy5Khj4BPQap4.D.uQG','0912345682',1,3),(15,'An Giang','1992-01-10','hoangthiphuong@example.com','Hoang Thi Phuong',2,'$2a$10$PhLEr1bWM9h66JOnKNCF2eUWYuzDzBesDqm5up07XIt0ZXBrY0QsW','0912345683',1,4),(16,'Soc Trang','1988-02-20','vuvanquan@example.com','Vu Van Quan',1,'$2a$10$9zUpja5FhQ5gwzDPxZzpeuHlr.6tQ2Fi7I2rf.hjePlu8r36DcFiC','0912345684',1,4),(17,'Tay Ninh','2009-11-11','nguyenthiquy@example.com','Nguyen Thi Quy',2,'$2a$10$c2B1xjvUJ9QaCx0IL6MlvuAN1kHglozZMbzsOS5t3YZj8I1lho3y.','0912345685',1,5),(18,'Dak Lak','1993-04-15','buithiros@example.com','Bui Thi Ros',2,'$2a$10$C3ekDPQLXeEketD9f0i5zOUGOlOW4L09yU1fJuDEP4.WHo9rHKNIa','0912345686',1,5),(19,'Kon Tum','1989-05-25','dovanson@example.com','Do Van Son',1,'$2a$10$CVXcQrRS68xi9dqCB7BvO.GiTAnayvRdHRqp1luWyRrVcrrQirV2u','0912345687',1,5),(20,'Bac Kan','1994-06-10','nguyenthitam@example.com','Nguyen Thi Tam',2,'$2a$10$5nQmPnx1Aj.k2zdQ4jUrVeEH9fblJ0sUmxEyO4CfstDZLoCnRKEmm','0912345688',1,5),(21,'Ca Mau','1986-07-20','levanu@example.com','Le Van U',1,'$2a$10$46jCakaxweM.4/0BNPET3O49hxRLhYupTVCG/P58JE7nrKpfC88lO','0912345689',1,5),(22,'Phu Yen','1991-08-30','phamthivan@example.com','Pham Thi Van',2,'$2a$10$L1FUGicbFr3JFvp5WlVMIe44WHKtmPDbU8CEz917L/vcYubo8dz72','0912345690',1,5),(23,'Hanoi','2001-01-15','nguyenminhtuan@mail.com','Nguyen Minh Tuan',1,'$2a$10$QB7p3eMFptSBvig.UUeO4e7a7DGSuwqd3HSwJyQLliX1FT8IsSZ..','0912345967',1,5),(24,'Ho Chi Minh City','2002-03-10','tranthithanh@mail.com','Tran Thi Thanh',2,'$2a$10$X.G49/PWKJMOQmCBrQcqwOAOAfC6QI3ZN1VO5eEHrnm08s.u.I4km','0987654322',1,5),(25,'Da Nang','2000-06-25','lequocduy@mail.com','Le Quoc Duy',1,'$2a$10$4B.HVVJIC6jEeCSvwQsMv.CdN6V4CHJOupCvznBgAY7Q/zurQwxCW','0961234567',1,5),(26,'Hai Phong','2003-04-12','phamminhchau@mail.com','Pham Minh Chau',2,'$2a$10$TpB1TEmiNK9QTqqjzPV1m.Am8BYHx1lk0/cHw2rA6OWpnSCFMhi2i','0934567890',1,5),(27,'Can Tho','2002-08-30','nguyenhoangnam@mail.com','Nguyen Hoang Nam',1,'$2a$10$u.biy5WYPWZSKR8YudSucOkOU5R9r4EvnlKaIi2T3dKHK1Uu/knDO','0909876543',1,5),(28,'Nha Trang','2001-05-22','vuongthikim@mail.com','Vuong Thi Kim',2,'$2a$10$HfdQ/SkB6BTQ8lOh7vHpNOkr92c0sS0ysYdq6htAULJR8NTl7fkqm','0912346789',1,5),(29,'Vinh','2000-07-14','dangminhhai@mail.com','Dang Minh Hai',1,'$2a$10$V6BBT7N7sR2oO8e0jvocYeEvPmJ2ohzy68JcWKzUX0LoerowQ3LB.','0965432109',1,5),(30,'Bac Ninh','2003-11-05','ngothilan@mail.com','Ngo Thi Lan',2,'$2a$10$JW3Zmx.jIrHl29fTUbbi1eQLSP5l6OMiqcEQZEFBPjDk6z6tes3vW','0932109876',1,5),(31,'Quang Ninh','2001-12-19','trinhvankhoa@mail.com','Trinh Van Khoa',1,'$2a$10$vVIAtvqFcQjT9sGyn2GG2eZ4xcoLOb3hl1bL03cKFbQavrgpHmThq','0919876543',1,5),(32,'Hue','2002-09-28','hoangminhtu@mail.com','Hoang Minh Tu',1,'$2a$10$0wiLogytvANgDHxOFiem2uS2ZSjkZ11sI0RN7eAzAs9ooSPspEIvu','0981122334',1,5),(33,'Hanoi','2001-02-20','nguyenvanphuc@mail.com','Nguyen Van Phuc',1,'$2a$10$ZGS3tw77XcClYWnP0AjjwehklpJRObo4YkDymdh.RsHsEEYr0PJ0S','0901234567',1,5),(34,'Ho Chi Minh City','2002-03-05','lethihhoa@mail.com','Le Thi Hoa',2,'$2a$10$/jQzpcEKWDzgjIk55K4uCO7ALr.0Q5mbwmOtCJ6LsKTB1f1/hDGh6','0987654332',1,5),(35,'Da Nang','2000-07-10','tranvanan@mail.com','Tran Van An',1,'$2a$10$qvFK76H8xqzCEKGHtY.h.uwCteO/LZjgd5L8xzl9N8L53wLRewid.','0966543210',1,5),(36,'Hai Phong','2003-04-25','phamquocbinh@mail.com','Pham Quoc Binh',1,'$2a$10$soTvNmvjJDBFr47iFYGvveRtJEJbds0XT/UgTv0wEnqSspOOYdX6K','0934567891',1,5),(37,'Can Tho','2002-09-15','nguyenthina@mail.com','Nguyen Thi Nga',2,'$2a$10$ecYkIB2czcv7fN/IwU4epuUOb4RnCbmQSKaLbljHtmvpD2BsjruCy','0901234568',1,5),(38,'Nha Trang','2001-12-01','vovanthanh@mail.com','Vo Van Thanh',1,'$2a$10$XL46kyPGF6yjcMYSGMYrq.KPQ9afSilhJykFpyxAaPFFltUOJTxHy','0912345888',1,5),(39,'Vinh','2003-06-28','nguyenthinmai@mail.com','Nguyen Thi Mai',2,'$2a$10$8KO5XAIgfWljUh9yTL5nx..2phlqcKFdXw72pjEmnXyzuzncn4jKe','0931234567',1,5),(40,'Bac Ninh','2002-10-10','trinhvanhoang@mail.com','Trinh Van Hoang',1,'$2a$10$LQ1hGQhmtsMfS9rKVCXUlu4Fug8nnGf8gljklEev5vAX77r/syHYK','0965432108',1,5),(41,'Quang Ninh','2001-08-22','dangthilan@mail.com','Dang Thi Lan',2,'$2a$10$KWBZ1PG5j546Ew1Eo9IpZ.P8FsWKK6ccbxWBoQbCpJb0Ws01KMZ5u','0909876544',1,5),(42,'Hue','2000-05-30','hoangminhtuan@mail.com','Hoang Minh Tuan',1,'$2a$10$GpWJWUq2lbrAuZjhjKbAYeEL/Q8Z55VCIFunIMsgPw7MEa3QYuXiO','0912346781',1,5);
/*!40000 ALTER TABLE `t_user` ENABLE KEYS */;
UNLOCK TABLES;
/*!40103 SET TIME_ZONE=@OLD_TIME_ZONE */;

/*!40101 SET SQL_MODE=@OLD_SQL_MODE */;
/*!40014 SET FOREIGN_KEY_CHECKS=@OLD_FOREIGN_KEY_CHECKS */;
/*!40014 SET UNIQUE_CHECKS=@OLD_UNIQUE_CHECKS */;
/*!40101 SET CHARACTER_SET_CLIENT=@OLD_CHARACTER_SET_CLIENT */;
/*!40101 SET CHARACTER_SET_RESULTS=@OLD_CHARACTER_SET_RESULTS */;
/*!40101 SET COLLATION_CONNECTION=@OLD_COLLATION_CONNECTION */;
/*!40111 SET SQL_NOTES=@OLD_SQL_NOTES */;

-- Dump completed on 2025-02-25 14:22:03
